Resume_ID,Name,Education,Experience,Skills,Resume_Text,Cleaned_Resume,Category
1,Ayaan Sharma,"MCA, NIT Allahabad",Fresher,"Machine Learning, Scikit-learn, Statistics, Deep Learning, Power BI, Data Analysis","Ayaan Sharma is a graduate from NIT Allahabad. Skilled in Machine Learning, Scikit-learn, Statistics, Deep Learning, Power BI, Data Analysis. Worked on a student performance prediction project using machine learning. Fresher. Looking for opportunities to apply technical skills and grow professionally.",ayaan sharma graduate nit allahabad skilled machine learning scikit learn statistic deep learning power bi data analysis worked student performance prediction project using machine learning fresher looking opportunity apply technical skill grow professionally,Data Science
2,Sai Mishra,"M.Tech in Computer Science, Anna University",Fresher,"JavaScript, Node.js, Spring Boot, HTML, C++, MySQL","Sai Mishra is a Computer Science from Anna University. Skilled in JavaScript, Node.js, Spring Boot, HTML, C++, MySQL. Created database schemas and queries using MySQL. Fresher. Looking for opportunities to apply technical skills and grow professionally.",sai mishra computer science anna university skilled javascript node j spring boot html c mysql created database schema query using mysql fresher looking opportunity apply technical skill grow professionally,Web/Java Developer
3,Ananya Rathore,"BCA, Amity University",No experience,"Machine Learning, Power BI, Data Analysis, Data Visualization, NumPy","Ananya Rathore is a graduate from Amity University. Skilled in Machine Learning, Power BI, Data Analysis, Data Visualization, NumPy. Trained deep learning models for image classification tasks. No experience. Looking for opportunities to apply technical skills and grow professionally.",ananya rathore graduate amity university skilled machine learning power bi data analysis data visualization numpy trained deep learning model image classification task experience looking opportunity apply technical skill grow professionally,Data Science
4,Anika Verma,"B.Tech in AI & Data Science, Anna University",No experience,"Machine Learning, Deep Learning, Pandas, Scikit-learn, TensorFlow","Anika Verma is a AI & Data Science from Anna University. Skilled in Machine Learning, Deep Learning, Pandas, Scikit-learn, TensorFlow. Trained deep learning models for image classification tasks. No experience. Looking for opportunities to apply technical skills and grow professionally.",anika verma ai data science anna university skilled machine learning deep learning panda scikit learn tensorflow trained deep learning model image classification task experience looking opportunity apply technical skill grow professionally,Data Science
5,Saanvi Gupta,"B.Tech in Computer Science, NIT Allahabad",2 years experience,"JavaScript, HTML, Spring Boot, CSS","Saanvi Gupta is a Computer Science from NIT Allahabad. Skilled in JavaScript, HTML, Spring Boot, CSS. Worked on backend development using Node.js. 2 years experience. Looking for opportunities to apply technical skills and grow professionally.",saanvi gupta computer science nit allahabad skilled javascript html spring boot cs worked backend development using node j year experience looking opportunity apply technical skill grow professionally,Web/Java Developer
6,Ananya Joshi,"BCA, NIT Allahabad",No experience,"HTML, CSS, JavaScript, C++, PHP, React","Ananya Joshi is a graduate from NIT Allahabad. Skilled in HTML, CSS, JavaScript, C++, PHP, React. Created database schemas and queries using MySQL. No experience. Looking for opportunities to apply technical skills and grow professionally.",ananya joshi graduate nit allahabad skilled html cs javascript c php react created database schema query using mysql experience looking opportunity apply technical skill grow professionally,Web/Java Developer
7,Kavya Patel,"B.Tech in Computer Science, NIT Allahabad",1 year experience,"Content Writing, Accounting, Communication, Photoshop","Kavya Patel is a Computer Science from NIT Allahabad. Skilled in Content Writing, Accounting, Communication, Photoshop. Assisted in organizing college events and fests. 1 year experience. Looking for opportunities to apply technical skills and grow professionally.",kavya patel computer science nit allahabad skilled content writing accounting communication photoshop assisted organizing college event fests year experience looking opportunity apply technical skill grow professionally,Other
8,Deepak Chauhan,"B.Tech in AI & Data Science, IIT Kanpur",No experience,"Statistics, Deep Learning, Data Visualization, Pandas","Deepak Chauhan is a AI & Data Science from IIT Kanpur. Skilled in Statistics, Deep Learning, Data Visualization, Pandas. Performed exploratory data analysis on sales data. No experience. Looking for opportunities to apply technical skills and grow professionally.",deepak chauhan ai data science iit kanpur skilled statistic deep learning data visualization panda performed exploratory data analysis sale data experience looking opportunity apply technical skill grow professionally,Other
9,Suresh Joshi,"M.Tech in Computer Science, IIT Kanpur",6 months internship experience,"Java, HTML, CSS, React","Suresh Joshi is a Computer Science from IIT Kanpur. Skilled in Java, HTML, CSS, React. Worked on a full stack e-commerce application. 6 months internship experience. Looking for opportunities to apply technical skills and grow professionally.",suresh joshi computer science iit kanpur skilled java html cs react worked full stack e commerce application month internship experience looking opportunity apply technical skill grow professionally,Web/Java Developer
10,Sonia Gupta,"B.E. in Electronics, VIT Vellore",No experience,"Node.js, MySQL, Java, React, Spring Boot","Sonia Gupta is a Electronics from VIT Vellore. Skilled in Node.js, MySQL, Java, React, Spring Boot. Built REST APIs using Java and Spring Boot. No experience. Looking for opportunities to apply technical skills and grow professionally.",sonia gupta electronics vit vellore skilled node j mysql java react spring boot built rest apis using java spring boot experience looking opportunity apply technical skill grow professionally,Web/Java Developer
11,Navya Patel,"B.Tech in Information Technology, Amity University",No experience,"Python, Statistics, Data Visualization, Pandas, Deep Learning","Navya Patel is a Information Technology from Amity University. Skilled in Python, Statistics, Data Visualization, Pandas, Deep Learning. Analyzed large datasets to find trends using Python and Pandas. No experience. Looking for opportunities to apply technical skills and grow professionally.",navya patel information technology amity university skilled python statistic data visualization panda deep learning analyzed large datasets find trend using python panda experience looking opportunity apply technical skill grow professionally,Other
12,Reyansh Nair,"M.Sc in Data Science, Jamia Millia Islamia",6 months internship experience,"Data Visualization, NLP, Deep Learning, Statistics, Python","Reyansh Nair is a Data Science from Jamia Millia Islamia. Skilled in Data Visualization, NLP, Deep Learning, Statistics, Python. Trained deep learning models for image classification tasks. 6 months internship experience. Looking for opportunities to apply technical skills and grow professionally.",reyansh nair data science jamia millia islamia skilled data visualization nlp deep learning statistic python trained deep learning model image classification task month internship experience looking opportunity apply technical skill grow professionally,Data Science
13,Vivaan Singh,"BCA, Amity University",No experience,"TensorFlow, Machine Learning, Data Visualization, Data Science","Vivaan Singh is a graduate from Amity University. Skilled in TensorFlow, Machine Learning, Data Visualization, Data Science. Built a spam detection model using NLP techniques. No experience. Looking for opportunities to apply technical skills and grow professionally.",vivaan singh graduate amity university skilled tensorflow machine learning data visualization data science built spam detection model using nlp technique experience looking opportunity apply technical skill grow professionally,Data Science
14,Krishna Kumar,"B.Tech in AI & Data Science, Anna University",6 months internship experience,"Power BI, TensorFlow, Data Analysis, SQL, Deep Learning, Scikit-learn","Krishna Kumar is a AI & Data Science from Anna University. Skilled in Power BI, TensorFlow, Data Analysis, SQL, Deep Learning, Scikit-learn. Created data visualizations and dashboards for business insights. 6 months internship experience. Looking for opportunities to apply technical skills and grow professionally.",krishna kumar ai data science anna university skilled power bi tensorflow data analysis sql deep learning scikit learn created data visualization dashboard business insight month internship experience looking opportunity apply technical skill grow professionally,Other
15,Rahul Agarwal,"M.Sc in Data Science, Pune University",No experience,"Machine Learning, NumPy, Python, TensorFlow","Rahul Agarwal is a Data Science from Pune University. Skilled in Machine Learning, NumPy, Python, TensorFlow. Developed a recommendation system using collaborative filtering. No experience. Looking for opportunities to apply technical skills and grow professionally.",rahul agarwal data science pune university skilled machine learning numpy python tensorflow developed recommendation system using collaborative filtering experience looking opportunity apply technical skill grow professionally,Data Science
16,Kavya Sharma,"B.Tech in Information Technology, Delhi University",2 years experience,"Power BI, NumPy, Machine Learning, Deep Learning","Kavya Sharma is a Information Technology from Delhi University. Skilled in Power BI, NumPy, Machine Learning, Deep Learning. Developed a recommendation system using collaborative filtering. 2 years experience. Looking for opportunities to apply technical skills and grow professionally.",kavya sharma information technology delhi university skilled power bi numpy machine learning deep learning developed recommendation system using collaborative filtering year experience looking opportunity apply technical skill grow professionally,Data Science
17,Deepak Mishra,"M.Sc in Data Science, IIT Kanpur",Fresher,"C++, PHP, JavaScript, Spring Boot, Node.js, React","Deepak Mishra is a Data Science from IIT Kanpur. Skilled in C++, PHP, JavaScript, Spring Boot, Node.js, React. Designed responsive web pages for a client project. Fresher. Looking for opportunities to apply technical skills and grow professionally.",deepak mishra data science iit kanpur skilled c php javascript spring boot node j react designed responsive web page client project fresher looking opportunity apply technical skill grow professionally,Web/Java Developer
18,Reyansh Rathore,"BCA, VIT Vellore",2 years experience,"Python, Scikit-learn, Data Visualization, Statistics, Machine Learning, Power BI","Reyansh Rathore is a graduate from VIT Vellore. Skilled in Python, Scikit-learn, Data Visualization, Statistics, Machine Learning, Power BI. Performed exploratory data analysis on sales data. 2 years experience. Looking for opportunities to apply technical skills and grow professionally.",reyansh rathore graduate vit vellore skilled python scikit learn data visualization statistic machine learning power bi performed exploratory data analysis sale data year experience looking opportunity apply technical skill grow professionally,Data Science
19,Reyansh Pandey,"M.Tech in Computer Science, NIT Allahabad",Fresher,"Spring Boot, CSS, MySQL, JavaScript","Reyansh Pandey is a Computer Science from NIT Allahabad. Skilled in Spring Boot, CSS, MySQL, JavaScript. Designed responsive web pages for a client project. Fresher. Looking for opportunities to apply technical skills and grow professionally.",reyansh pandey computer science nit allahabad skilled spring boot cs mysql javascript designed responsive web page client project fresher looking opportunity apply technical skill grow professionally,Web/Java Developer
20,Pooja Tiwari,"B.Tech in Information Technology, Delhi University",1 year experience,"Java, HTML, JavaScript, Node.js, PHP, React","Pooja Tiwari is a Information Technology from Delhi University. Skilled in Java, HTML, JavaScript, Node.js, PHP, React. Worked on backend development using Node.js. 1 year experience. Looking for opportunities to apply technical skills and grow professionally.",pooja tiwari information technology delhi university skilled java html javascript node j php react worked backend development using node j year experience looking opportunity apply technical skill grow professionally,Web/Java Developer
21,Suresh Verma,"B.Sc in Computer Science, VIT Vellore",1 year experience,"Pandas, Data Visualization, Data Science, Power BI, Data Analysis","Suresh Verma is a Computer Science from VIT Vellore. Skilled in Pandas, Data Visualization, Data Science, Power BI, Data Analysis. Implemented a chatbot using natural language processing. 1 year experience. Looking for opportunities to apply technical skills and grow professionally.",suresh verma computer science vit vellore skilled panda data visualization data science power bi data analysis implemented chatbot using natural language processing year experience looking opportunity apply technical skill grow professionally,Data Science
22,Saanvi Nair,"M.Tech in Computer Science, Delhi University",Fresher,"Java, React, C++, PHP, MySQL, JavaScript","Saanvi Nair is a Computer Science from Delhi University. Skilled in Java, React, C++, PHP, MySQL, JavaScript. Worked on a full stack e-commerce application. Fresher. Looking for opportunities to apply technical skills and grow professionally.",saanvi nair computer science delhi university skilled java react c php mysql javascript worked full stack e commerce application fresher looking opportunity apply technical skill grow professionally,Web/Java Developer
23,Ravi Gupta,"B.Sc in Computer Science, Lucknow University",No experience,"JavaScript, Spring Boot, HTML, MySQL, PHP, Node.js","Ravi Gupta is a Computer Science from Lucknow University. Skilled in JavaScript, Spring Boot, HTML, MySQL, PHP, Node.js. Developed a college website using HTML, CSS and JavaScript. No experience. Looking for opportunities to apply technical skills and grow professionally.",ravi gupta computer science lucknow university skilled javascript spring boot html mysql php node j developed college website using html cs javascript experience looking opportunity apply technical skill grow professionally,Web/Java Developer
24,Sai Rathore,"B.Tech in Mechanical Engineering, Jamia Millia Islamia",2 years experience,"JavaScript, React, C++, CSS, PHP","Sai Rathore is a Mechanical Engineering from Jamia Millia Islamia. Skilled in JavaScript, React, C++, CSS, PHP. Worked on a full stack e-commerce application. 2 years experience. Looking for opportunities to apply technical skills and grow professionally.",sai rathore mechanical engineering jamia millia islamia skilled javascript react c cs php worked full stack e commerce application year experience looking opportunity apply technical skill grow professionally,Web/Java Developer
25,Shreya Patel,"B.Tech in Information Technology, Delhi University",Fresher,"HTML, C++, JavaScript, MySQL, CSS, Node.js","Shreya Patel is a Information Technology from Delhi University. Skilled in HTML, C++, JavaScript, MySQL, CSS, Node.js. Developed a login and registration system using PHP. Fresher. Looking for opportunities to apply technical skills and grow professionally.",shreya patel information technology delhi university skilled html c javascript mysql cs node j developed login registration system using php fresher looking opportunity apply technical skill grow professionally,Web/Java Developer
26,Myra Joshi,"MCA, IIT Kanpur",Fresher,"Statistics, Pandas, TensorFlow, Scikit-learn, Deep Learning, Python","Myra Joshi is a graduate from IIT Kanpur. Skilled in Statistics, Pandas, TensorFlow, Scikit-learn, Deep Learning, Python. Created data visualizations and dashboards for business insights. Fresher. Looking for opportunities to apply technical skills and grow professionally.",myra joshi graduate iit kanpur skilled statistic panda tensorflow scikit learn deep learning python created data visualization dashboard business insight fresher looking opportunity apply technical skill grow professionally,Other
27,Krishna Reddy,"B.Tech in Information Technology, Lucknow University",1 year experience,"MySQL, C++, JavaScript, React","Krishna Reddy is a Information Technology from Lucknow University. Skilled in MySQL, C++, JavaScript, React. Developed a login and registration system using PHP. 1 year experience. Looking for opportunities to apply technical skills and grow professionally.",krishna reddy information technology lucknow university skilled mysql c javascript react developed login registration system using php year experience looking opportunity apply technical skill grow professionally,Web/Java Developer
28,Anika Saxena,"B.Tech in AI & Data Science, Amity University",Fresher,"Communication, Content Writing, Accounting","Anika Saxena is a AI & Data Science from Amity University. Skilled in Communication, Content Writing, Accounting. Handled customer queries and improved satisfaction scores. Fresher. Looking for opportunities to apply technical skills and grow professionally.",anika saxena ai data science amity university skilled communication content writing accounting handled customer query improved satisfaction score fresher looking opportunity apply technical skill grow professionally,Other
29,Karan Kumar,"MCA, IIT Kanpur",2 years experience,"Spring Boot, Node.js, Java, PHP, C++, HTML","Karan Kumar is a graduate from IIT Kanpur. Skilled in Spring Boot, Node.js, Java, PHP, C++, HTML. Developed a college website using HTML, CSS and JavaScript. 2 years experience. Looking for opportunities to apply technical skills and grow professionally.",karan kumar graduate iit kanpur skilled spring boot node j java php c html developed college website using html cs javascript year experience looking opportunity apply technical skill grow professionally,Web/Java Developer
30,Meena Tiwari,"B.Sc in Computer Science, VIT Vellore",Fresher,"NumPy, Data Visualization, Python, Power BI, SQL","Meena Tiwari is a Computer Science from VIT Vellore. Skilled in NumPy, Data Visualization, Python, Power BI, SQL. Developed a recommendation system using collaborative filtering. Fresher. Looking for opportunities to apply technical skills and grow professionally.",meena tiwari computer science vit vellore skilled numpy data visualization python power bi sql developed recommendation system using collaborative filtering fresher looking opportunity apply technical skill grow professionally,Other
31,Nikhil Tiwari,"B.E. in Electronics, Jamia Millia Islamia",2 years experience,"CSS, C++, Spring Boot, Java","Nikhil Tiwari is a Electronics from Jamia Millia Islamia. Skilled in CSS, C++, Spring Boot, Java. Worked on a full stack e-commerce application. 2 years experience. Looking for opportunities to apply technical skills and grow professionally.",nikhil tiwari electronics jamia millia islamia skilled cs c spring boot java worked full stack e commerce application year experience looking opportunity apply technical skill grow professionally,Web/Java Developer
32,Priya Pandey,"MCA, IIT Kanpur",6 months internship experience,"Spring Boot, Java, PHP, HTML","Priya Pandey is a graduate from IIT Kanpur. Skilled in Spring Boot, Java, PHP, HTML. Designed responsive web pages for a client project. 6 months internship experience. Looking for opportunities to apply technical skills and grow professionally.",priya pandey graduate iit kanpur skilled spring boot java php html designed responsive web page client project month internship experience looking opportunity apply technical skill grow professionally,Web/Java Developer
33,Nikhil Nair,"M.Tech in Computer Science, NIT Allahabad",2 years experience,"Data Analysis, NumPy, Pandas, Machine Learning","Nikhil Nair is a Computer Science from NIT Allahabad. Skilled in Data Analysis, NumPy, Pandas, Machine Learning. Created data visualizations and dashboards for business insights. 2 years experience. Looking for opportunities to apply technical skills and grow professionally.",nikhil nair computer science nit allahabad skilled data analysis numpy panda machine learning created data visualization dashboard business insight year experience looking opportunity apply technical skill grow professionally,Data Science
34,Ravi Chauhan,"M.Sc in Data Science, Lovely Professional University",Fresher,"Accounting, Project Management, Sales","Ravi Chauhan is a Data Science from Lovely Professional University. Skilled in Accounting, Project Management, Sales. Handled customer queries and improved satisfaction scores. Fresher. Looking for opportunities to apply technical skills and grow professionally.",ravi chauhan data science lovely professional university skilled accounting project management sale handled customer query improved satisfaction score fresher looking opportunity apply technical skill grow professionally,Other
35,Sonia Rathore,"BCA, Lovely Professional University",Fresher,"Machine Learning, Data Analysis, TensorFlow, SQL, Pandas, Python","Sonia Rathore is a graduate from Lovely Professional University. Skilled in Machine Learning, Data Analysis, TensorFlow, SQL, Pandas, Python. Performed exploratory data analysis on sales data. Fresher. Looking for opportunities to apply technical skills and grow professionally.",sonia rathore graduate lovely professional university skilled machine learning data analysis tensorflow sql panda python performed exploratory data analysis sale data fresher looking opportunity apply technical skill grow professionally,Data Science
36,Vikas Tiwari,"M.Tech in Computer Science, Lovely Professional University",6 months internship experience,"NumPy, TensorFlow, Power BI, Scikit-learn, Machine Learning, Pandas","Vikas Tiwari is a Computer Science from Lovely Professional University. Skilled in NumPy, TensorFlow, Power BI, Scikit-learn, Machine Learning, Pandas. Created data visualizations and dashboards for business insights. 6 months internship experience. Looking for opportunities to apply technical skills and grow professionally.",vikas tiwari computer science lovely professional university skilled numpy tensorflow power bi scikit learn machine learning panda created data visualization dashboard business insight month internship experience looking opportunity apply technical skill grow professionally,Data Science
37,Rohan Chauhan,"MCA, Anna University",6 months internship experience,"Scikit-learn, Data Analysis, Power BI, NLP, TensorFlow","Rohan Chauhan is a graduate from Anna University. Skilled in Scikit-learn, Data Analysis, Power BI, NLP, TensorFlow. Created data visualizations and dashboards for business insights. 6 months internship experience. Looking for opportunities to apply technical skills and grow professionally.",rohan chauhan graduate anna university skilled scikit learn data analysis power bi nlp tensorflow created data visualization dashboard business insight month internship experience looking opportunity apply technical skill grow professionally,Data Science
38,Anjali Sharma,"MCA, Amity University",No experience,"TensorFlow, Scikit-learn, NumPy, Data Science, Data Visualization, Power BI","Anjali Sharma is a graduate from Amity University. Skilled in TensorFlow, Scikit-learn, NumPy, Data Science, Data Visualization, Power BI. Developed a recommendation system using collaborative filtering. No experience. Looking for opportunities to apply technical skills and grow professionally.",anjali sharma graduate amity university skilled tensorflow scikit learn numpy data science data visualization power bi developed recommendation system using collaborative filtering experience looking opportunity apply technical skill grow professionally,Data Science
39,Manish Yadav,"B.Tech in Information Technology, Amity University",1 year experience,"C++, React, HTML, Spring Boot, PHP, CSS","Manish Yadav is a Information Technology from Amity University. Skilled in C++, React, HTML, Spring Boot, PHP, CSS. Designed responsive web pages for a client project. 1 year experience. Looking for opportunities to apply technical skills and grow professionally.",manish yadav information technology amity university skilled c react html spring boot php cs designed responsive web page client project year experience looking opportunity apply technical skill grow professionally,Web/Java Developer
40,Ishaan Sharma,"B.Tech in Computer Science, NIT Allahabad",6 months internship experience,"Communication, Photoshop, Content Writing, Tally, Accounting","Ishaan Sharma is a Computer Science from NIT Allahabad. Skilled in Communication, Photoshop, Content Writing, Tally, Accounting. Coordinated project timelines and team schedules. 6 months internship experience. Looking for opportunities to apply technical skills and grow professionally.",ishaan sharma computer science nit allahabad skilled communication photoshop content writing tally accounting coordinated project timeline team schedule month internship experience looking opportunity apply technical skill grow professionally,Other
41,Deepak Chauhan,"M.Tech in Computer Science, IIT Kanpur",Fresher,"HTML, Spring Boot, JavaScript, C++","Deepak Chauhan is a Computer Science from IIT Kanpur. Skilled in HTML, Spring Boot, JavaScript, C++. Worked on backend development using Node.js. Fresher. Looking for opportunities to apply technical skills and grow professionally.",deepak chauhan computer science iit kanpur skilled html spring boot javascript c worked backend development using node j fresher looking opportunity apply technical skill grow professionally,Web/Java Developer
42,Anjali Pandey,"B.Tech in Information Technology, Pune University",No experience,"Scikit-learn, Deep Learning, Data Visualization, TensorFlow, NumPy","Anjali Pandey is a Information Technology from Pune University. Skilled in Scikit-learn, Deep Learning, Data Visualization, TensorFlow, NumPy. Implemented a chatbot using natural language processing. No experience. Looking for opportunities to apply technical skills and grow professionally.",anjali pandey information technology pune university skilled scikit learn deep learning data visualization tensorflow numpy implemented chatbot using natural language processing experience looking opportunity apply technical skill grow professionally,Other
43,Ravi Rathore,"M.Sc in Data Science, Pune University",No experience,"Photoshop, Sales, Accounting, Content Writing, Communication","Ravi Rathore is a Data Science from Pune University. Skilled in Photoshop, Sales, Accounting, Content Writing, Communication. Prepared reports and presentations for management review. No experience. Looking for opportunities to apply technical skills and grow professionally.",ravi rathore data science pune university skilled photoshop sale accounting content writing communication prepared report presentation management review experience looking opportunity apply technical skill grow professionally,Other
44,Deepak Pandey,"MCA, Pune University",1 year experience,"SQL, Pandas, NumPy, Statistics, Deep Learning","Deepak Pandey is a graduate from Pune University. Skilled in SQL, Pandas, NumPy, Statistics, Deep Learning. Built a spam detection model using NLP techniques. 1 year experience. Looking for opportunities to apply technical skills and grow professionally.",deepak pandey graduate pune university skilled sql panda numpy statistic deep learning built spam detection model using nlp technique year experience looking opportunity apply technical skill grow professionally,Other
45,Ishaan Pandey,"B.E. in Electronics, IIT Kanpur",6 months internship experience,"Spring Boot, C++, React, MySQL","Ishaan Pandey is a Electronics from IIT Kanpur. Skilled in Spring Boot, C++, React, MySQL. Worked on backend development using Node.js. 6 months internship experience. Looking for opportunities to apply technical skills and grow professionally.",ishaan pandey electronics iit kanpur skilled spring boot c react mysql worked backend development using node j month internship experience looking opportunity apply technical skill grow professionally,Other
46,Vihaan Mishra,"B.E. in Electronics, VIT Vellore",6 months internship experience,"Excel, Content Writing, Photoshop, Sales, Project Management","Vihaan Mishra is a Electronics from VIT Vellore. Skilled in Excel, Content Writing, Photoshop, Sales, Project Management. Prepared reports and presentations for management review. 6 months internship experience. Looking for opportunities to apply technical skills and grow professionally.",vihaan mishra electronics vit vellore skilled excel content writing photoshop sale project management prepared report presentation management review month internship experience looking opportunity apply technical skill grow professionally,Other
47,Priya Tiwari,"M.Sc in Data Science, Jamia Millia Islamia",6 months internship experience,"Marketing, Accounting, Content Writing, Sales","Priya Tiwari is a Data Science from Jamia Millia Islamia. Skilled in Marketing, Accounting, Content Writing, Sales. Handled customer queries and improved satisfaction scores. 6 months internship experience. Looking for opportunities to apply technical skills and grow professionally.",priya tiwari data science jamia millia islamia skilled marketing accounting content writing sale handled customer query improved satisfaction score month internship experience looking opportunity apply technical skill grow professionally,Other
48,Karan Chauhan,"B.Sc in Computer Science, Pune University",Fresher,"Customer Service, Excel, Content Writing, Accounting, Photoshop","Karan Chauhan is a Computer Science from Pune University. Skilled in Customer Service, Excel, Content Writing, Accounting, Photoshop. Handled customer queries and improved satisfaction scores. Fresher. Looking for opportunities to apply technical skills and grow professionally.",karan chauhan computer science pune university skilled customer service excel content writing accounting photoshop handled customer query improved satisfaction score fresher looking opportunity apply technical skill grow professionally,Other
49,Neha Kumar,"B.Tech in AI & Data Science, IIT Kanpur",2 years experience,"NumPy, SQL, Data Science, Power BI, Scikit-learn","Neha Kumar is a AI & Data Science from IIT Kanpur. Skilled in NumPy, SQL, Data Science, Power BI, Scikit-learn. Performed exploratory data analysis on sales data. 2 years experience. Looking for opportunities to apply technical skills and grow professionally.",neha kumar ai data science iit kanpur skilled numpy sql data science power bi scikit learn performed exploratory data analysis sale data year experience looking opportunity apply technical skill grow professionally,Data Science
50,Priya Reddy,"B.Tech in Information Technology, Pune University",1 year experience,"Python, NumPy, SQL, Scikit-learn, Machine Learning, Power BI","Priya Reddy is a Information Technology from Pune University. Skilled in Python, NumPy, SQL, Scikit-learn, Machine Learning, Power BI. Worked on a student performance prediction project using machine learning. 1 year experience. Looking for opportunities to apply technical skills and grow professionally.",priya reddy information technology pune university skilled python numpy sql scikit learn machine learning power bi worked student performance prediction project using machine learning year experience looking opportunity apply technical skill grow professionally,Data Science
51,Saanvi Sharma,"B.Tech in Mechanical Engineering, IIT Kanpur",2 years experience,"Scikit-learn, Machine Learning, TensorFlow, SQL, Data Science","Saanvi Sharma is a Mechanical Engineering from IIT Kanpur. Skilled in Scikit-learn, Machine Learning, TensorFlow, SQL, Data Science. Created data visualizations and dashboards for business insights. 2 years experience. Looking for opportunities to apply technical skills and grow professionally.",saanvi sharma mechanical engineering iit kanpur skilled scikit learn machine learning tensorflow sql data science created data visualization dashboard business insight year experience looking opportunity apply technical skill grow professionally,Data Science
52,Ananya Malhotra,"B.Tech in Mechanical Engineering, Lucknow University",6 months internship experience,"MySQL, HTML, Java, CSS","Ananya Malhotra is a Mechanical Engineering from Lucknow University. Skilled in MySQL, HTML, Java, CSS. Built a portfolio website using React. 6 months internship experience. Looking for opportunities to apply technical skills and grow professionally.",ananya malhotra mechanical engineering lucknow university skilled mysql html java cs built portfolio website using react month internship experience looking opportunity apply technical skill grow professionally,Web/Java Developer
53,Saanvi Gupta,"B.Tech in Mechanical Engineering, NIT Allahabad",2 years experience,"Power BI, Scikit-learn, TensorFlow, Machine Learning, Statistics","Saanvi Gupta is a Mechanical Engineering from NIT Allahabad. Skilled in Power BI, Scikit-learn, TensorFlow, Machine Learning, Statistics. Worked on a student performance prediction project using machine learning. 2 years experience. Looking for opportunities to apply technical skills and grow professionally.",saanvi gupta mechanical engineering nit allahabad skilled power bi scikit learn tensorflow machine learning statistic worked student performance prediction project using machine learning year experience looking opportunity apply technical skill grow professionally,Data Science
54,Sandeep Rathore,"BCA, Lucknow University",6 months internship experience,"Java, Spring Boot, PHP, C++, JavaScript","Sandeep Rathore is a graduate from Lucknow University. Skilled in Java, Spring Boot, PHP, C++, JavaScript. Developed a login and registration system using PHP. 6 months internship experience. Looking for opportunities to apply technical skills and grow professionally.",sandeep rathore graduate lucknow university skilled java spring boot php c javascript developed login registration system using php month internship experience looking opportunity apply technical skill grow professionally,Web/Java Developer
55,Ishaan Rathore,"B.Sc in Computer Science, Anna University",No experience,"Sales, Customer Service, Photoshop, Marketing","Ishaan Rathore is a Computer Science from Anna University. Skilled in Sales, Customer Service, Photoshop, Marketing. Worked as an intern in sales and business development. No experience. Looking for opportunities to apply technical skills and grow professionally.",ishaan rathore computer science anna university skilled sale customer service photoshop marketing worked intern sale business development experience looking opportunity apply technical skill grow professionally,Other
56,Navya Patel,"M.Tech in Computer Science, Lucknow University",2 years experience,"SQL, Data Visualization, Data Science, TensorFlow, Scikit-learn","Navya Patel is a Computer Science from Lucknow University. Skilled in SQL, Data Visualization, Data Science, TensorFlow, Scikit-learn. Performed exploratory data analysis on sales data. 2 years experience. Looking for opportunities to apply technical skills and grow professionally.",navya patel computer science lucknow university skilled sql data visualization data science tensorflow scikit learn performed exploratory data analysis sale data year experience looking opportunity apply technical skill grow professionally,Data Science
57,Vivaan Bansal,"BCA, IIT Kanpur",No experience,"MySQL, React, C++, PHP, Node.js","Vivaan Bansal is a graduate from IIT Kanpur. Skilled in MySQL, React, C++, PHP, Node.js. Created database schemas and queries using MySQL. No experience. Looking for opportunities to apply technical skills and grow professionally.",vivaan bansal graduate iit kanpur skilled mysql react c php node j created database schema query using mysql experience looking opportunity apply technical skill grow professionally,Other
58,Aarav Saxena,"M.Tech in Computer Science, Lucknow University",Fresher,"Data Science, Deep Learning, SQL, Power BI, Scikit-learn","Aarav Saxena is a Computer Science from Lucknow University. Skilled in Data Science, Deep Learning, SQL, Power BI, Scikit-learn. Implemented a chatbot using natural language processing. Fresher. Looking for opportunities to apply technical skills and grow professionally.",aarav saxena computer science lucknow university skilled data science deep learning sql power bi scikit learn implemented chatbot using natural language processing fresher looking opportunity apply technical skill grow professionally,Data Science
59,Sai Nair,"M.Tech in Computer Science, VIT Vellore",6 months internship experience,"C++, React, PHP, MySQL, Spring Boot","Sai Nair is a Computer Science from VIT Vellore. Skilled in C++, React, PHP, MySQL, Spring Boot. Developed a login and registration system using PHP. 6 months internship experience. Looking for opportunities to apply technical skills and grow professionally.",sai nair computer science vit vellore skilled c react php mysql spring boot developed login registration system using php month internship experience looking opportunity apply technical skill grow professionally,Other
60,Anjali Patel,"BCA, Pune University",No experience,"SQL, Machine Learning, Statistics, Power BI, NumPy","Anjali Patel is a graduate from Pune University. Skilled in SQL, Machine Learning, Statistics, Power BI, NumPy. Built a spam detection model using NLP techniques. No experience. Looking for opportunities to apply technical skills and grow professionally.",anjali patel graduate pune university skilled sql machine learning statistic power bi numpy built spam detection model using nlp technique experience looking opportunity apply technical skill grow professionally,Data Science
61,Diya Mishra,"M.Tech in Computer Science, Pune University",1 year experience,"Data Visualization, Deep Learning, TensorFlow, Pandas, Machine Learning, SQL","Diya Mishra is a Computer Science from Pune University. Skilled in Data Visualization, Deep Learning, TensorFlow, Pandas, Machine Learning, SQL. Created data visualizations and dashboards for business insights. 1 year experience. Looking for opportunities to apply technical skills and grow professionally.",diya mishra computer science pune university skilled data visualization deep learning tensorflow panda machine learning sql created data visualization dashboard business insight year experience looking opportunity apply technical skill grow professionally,Data Science
62,Rahul Yadav,"MCA, Delhi University",1 year experience,"MySQL, Java, Node.js, C++","Rahul Yadav is a graduate from Delhi University. Skilled in MySQL, Java, Node.js, C++. Created database schemas and queries using MySQL. 1 year experience. Looking for opportunities to apply technical skills and grow professionally.",rahul yadav graduate delhi university skilled mysql java node j c created database schema query using mysql year experience looking opportunity apply technical skill grow professionally,Web/Java Developer
63,Deepak Singh,"B.Tech in Computer Science, Jamia Millia Islamia",Fresher,"Data Science, NumPy, NLP, Python, Pandas","Deepak Singh is a Computer Science from Jamia Millia Islamia. Skilled in Data Science, NumPy, NLP, Python, Pandas. Implemented a chatbot using natural language processing. Fresher. Looking for opportunities to apply technical skills and grow professionally.",deepak singh computer science jamia millia islamia skilled data science numpy nlp python panda implemented chatbot using natural language processing fresher looking opportunity apply technical skill grow professionally,Data Science
64,Arjun Chauhan,"B.Tech in AI & Data Science, Lucknow University",1 year experience,"Java, CSS, Node.js, Spring Boot, MySQL, PHP","Arjun Chauhan is a AI & Data Science from Lucknow University. Skilled in Java, CSS, Node.js, Spring Boot, MySQL, PHP. Built REST APIs using Java and Spring Boot. 1 year experience. Looking for opportunities to apply technical skills and grow professionally.",arjun chauhan ai data science lucknow university skilled java cs node j spring boot mysql php built rest apis using java spring boot year experience looking opportunity apply technical skill grow professionally,Web/Java Developer
65,Ayaan Tiwari,"B.E. in Electronics, Jamia Millia Islamia",2 years experience,"JavaScript, Node.js, Spring Boot, C++, PHP, CSS","Ayaan Tiwari is a Electronics from Jamia Millia Islamia. Skilled in JavaScript, Node.js, Spring Boot, C++, PHP, CSS. Built a portfolio website using React. 2 years experience. Looking for opportunities to apply technical skills and grow professionally.",ayaan tiwari electronics jamia millia islamia skilled javascript node j spring boot c php cs built portfolio website using react year experience looking opportunity apply technical skill grow professionally,Web/Java Developer
66,Kirti Malhotra,"B.Tech in Computer Science, Jamia Millia Islamia",1 year experience,"Marketing, Sales, Accounting","Kirti Malhotra is a Computer Science from Jamia Millia Islamia. Skilled in Marketing, Sales, Accounting. Managed social media marketing campaigns for a small business. 1 year experience. Looking for opportunities to apply technical skills and grow professionally.",kirti malhotra computer science jamia millia islamia skilled marketing sale accounting managed social medium marketing campaign small business year experience looking opportunity apply technical skill grow professionally,Other
67,Myra Yadav,"M.Sc in Data Science, Lucknow University",1 year experience,"Data Science, Statistics, TensorFlow, Power BI, Pandas","Myra Yadav is a Data Science from Lucknow University. Skilled in Data Science, Statistics, TensorFlow, Power BI, Pandas. Worked on a student performance prediction project using machine learning. 1 year experience. Looking for opportunities to apply technical skills and grow professionally.",myra yadav data science lucknow university skilled data science statistic tensorflow power bi panda worked student performance prediction project using machine learning year experience looking opportunity apply technical skill grow professionally,Data Science
68,Riya Nair,"B.Tech in AI & Data Science, Lucknow University",1 year experience,"C++, JavaScript, Spring Boot, Java, MySQL","Riya Nair is a AI & Data Science from Lucknow University. Skilled in C++, JavaScript, Spring Boot, Java, MySQL. Designed responsive web pages for a client project. 1 year experience. Looking for opportunities to apply technical skills and grow professionally.",riya nair ai data science lucknow university skilled c javascript spring boot java mysql designed responsive web page client project year experience looking opportunity apply technical skill grow professionally,Web/Java Developer
69,Navya Kumar,"B.Tech in Information Technology, Delhi University",6 months internship experience,"TensorFlow, Statistics, Power BI, Pandas, Data Science","Navya Kumar is a Information Technology from Delhi University. Skilled in TensorFlow, Statistics, Power BI, Pandas, Data Science. Built a spam detection model using NLP techniques. 6 months internship experience. Looking for opportunities to apply technical skills and grow professionally.",navya kumar information technology delhi university skilled tensorflow statistic power bi panda data science built spam detection model using nlp technique month internship experience looking opportunity apply technical skill grow professionally,Data Science
70,Pari Chauhan,"MCA, Anna University",Fresher,"HTML, Java, Spring Boot, React, CSS","Pari Chauhan is a graduate from Anna University. Skilled in HTML, Java, Spring Boot, React, CSS. Created database schemas and queries using MySQL. Fresher. Looking for opportunities to apply technical skills and grow professionally.",pari chauhan graduate anna university skilled html java spring boot react cs created database schema query using mysql fresher looking opportunity apply technical skill grow professionally,Web/Java Developer
71,Sai Pandey,"B.Tech in Mechanical Engineering, Jamia Millia Islamia",2 years experience,"Accounting, Excel, Project Management, Marketing, Sales","Sai Pandey is a Mechanical Engineering from Jamia Millia Islamia. Skilled in Accounting, Excel, Project Management, Marketing, Sales. Created promotional content for marketing campaigns. 2 years experience. Looking for opportunities to apply technical skills and grow professionally.",sai pandey mechanical engineering jamia millia islamia skilled accounting excel project management marketing sale created promotional content marketing campaign year experience looking opportunity apply technical skill grow professionally,Other
72,Diya Dubey,"B.E. in Electronics, Pune University",1 year experience,"Tally, Content Writing, Sales, Project Management","Diya Dubey is a Electronics from Pune University. Skilled in Tally, Content Writing, Sales, Project Management. Managed social media marketing campaigns for a small business. 1 year experience. Looking for opportunities to apply technical skills and grow professionally.",diya dubey electronics pune university skilled tally content writing sale project management managed social medium marketing campaign small business year experience looking opportunity apply technical skill grow professionally,Other
73,Karan Rathore,"B.Tech in AI & Data Science, Amity University",2 years experience,"Node.js, Java, PHP, C++, CSS","Karan Rathore is a AI & Data Science from Amity University. Skilled in Node.js, Java, PHP, C++, CSS. Created database schemas and queries using MySQL. 2 years experience. Looking for opportunities to apply technical skills and grow professionally.",karan rathore ai data science amity university skilled node j java php c cs created database schema query using mysql year experience looking opportunity apply technical skill grow professionally,Web/Java Developer
74,Ayaan Chauhan,"M.Sc in Data Science, Delhi University",6 months internship experience,"PHP, Spring Boot, Java, HTML, MySQL, CSS","Ayaan Chauhan is a Data Science from Delhi University. Skilled in PHP, Spring Boot, Java, HTML, MySQL, CSS. Worked on backend development using Node.js. 6 months internship experience. Looking for opportunities to apply technical skills and grow professionally.",ayaan chauhan data science delhi university skilled php spring boot java html mysql cs worked backend development using node j month internship experience looking opportunity apply technical skill grow professionally,Web/Java Developer
75,Vihaan Mishra,"MCA, Anna University",1 year experience,"Data Science, Statistics, Power BI, Machine Learning, Python","Vihaan Mishra is a graduate from Anna University. Skilled in Data Science, Statistics, Power BI, Machine Learning, Python. Developed a recommendation system using collaborative filtering. 1 year experience. Looking for opportunities to apply technical skills and grow professionally.",vihaan mishra graduate anna university skilled data science statistic power bi machine learning python developed recommendation system using collaborative filtering year experience looking opportunity apply technical skill grow professionally,Data Science
76,Pari Tiwari,"B.Tech in Computer Science, Anna University",6 months internship experience,"Power BI, Machine Learning, Data Science, Data Visualization","Pari Tiwari is a Computer Science from Anna University. Skilled in Power BI, Machine Learning, Data Science, Data Visualization. Analyzed large datasets to find trends using Python and Pandas. 6 months internship experience. Looking for opportunities to apply technical skills and grow professionally.",pari tiwari computer science anna university skilled power bi machine learning data science data visualization analyzed large datasets find trend using python panda month internship experience looking opportunity apply technical skill grow professionally,Data Science
77,Riya Saxena,"MCA, VIT Vellore",No experience,"Marketing, Photoshop, Project Management, Sales","Riya Saxena is a graduate from VIT Vellore. Skilled in Marketing, Photoshop, Project Management, Sales. Coordinated project timelines and team schedules. No experience. Looking for opportunities to apply technical skills and grow professionally.",riya saxena graduate vit vellore skilled marketing photoshop project management sale coordinated project timeline team schedule experience looking opportunity apply technical skill grow professionally,Other
78,Ravi Kumar,"B.Tech in Information Technology, Amity University",2 years experience,"React, Node.js, MySQL, Spring Boot, Java","Ravi Kumar is a Information Technology from Amity University. Skilled in React, Node.js, MySQL, Spring Boot, Java. Created database schemas and queries using MySQL. 2 years experience. Looking for opportunities to apply technical skills and grow professionally.",ravi kumar information technology amity university skilled react node j mysql spring boot java created database schema query using mysql year experience looking opportunity apply technical skill grow professionally,Web/Java Developer
79,Meena Dubey,"B.Tech in AI & Data Science, IIT Kanpur",2 years experience,"NumPy, Power BI, Deep Learning, Statistics, Data Analysis","Meena Dubey is a AI & Data Science from IIT Kanpur. Skilled in NumPy, Power BI, Deep Learning, Statistics, Data Analysis. Implemented a chatbot using natural language processing. 2 years experience. Looking for opportunities to apply technical skills and grow professionally.",meena dubey ai data science iit kanpur skilled numpy power bi deep learning statistic data analysis implemented chatbot using natural language processing year experience looking opportunity apply technical skill grow professionally,Other
80,Saanvi Pandey,"B.Tech in Mechanical Engineering, VIT Vellore",1 year experience,"Python, NumPy, Statistics, Data Science, Data Analysis","Saanvi Pandey is a Mechanical Engineering from VIT Vellore. Skilled in Python, NumPy, Statistics, Data Science, Data Analysis. Performed exploratory data analysis on sales data. 1 year experience. Looking for opportunities to apply technical skills and grow professionally.",saanvi pandey mechanical engineering vit vellore skilled python numpy statistic data science data analysis performed exploratory data analysis sale data year experience looking opportunity apply technical skill grow professionally,Data Science
81,Deepak Verma,"B.Sc in Computer Science, Anna University",Fresher,"Communication, Photoshop, Sales, Accounting","Deepak Verma is a Computer Science from Anna University. Skilled in Communication, Photoshop, Sales, Accounting. Created promotional content for marketing campaigns. Fresher. Looking for opportunities to apply technical skills and grow professionally.",deepak verma computer science anna university skilled communication photoshop sale accounting created promotional content marketing campaign fresher looking opportunity apply technical skill grow professionally,Other
82,Ishaan Rathore,"B.Sc in Computer Science, Lucknow University",2 years experience,"React, Spring Boot, HTML, Node.js, CSS","Ishaan Rathore is a Computer Science from Lucknow University. Skilled in React, Spring Boot, HTML, Node.js, CSS. Built a portfolio website using React. 2 years experience. Looking for opportunities to apply technical skills and grow professionally.",ishaan rathore computer science lucknow university skilled react spring boot html node j cs built portfolio website using react year experience looking opportunity apply technical skill grow professionally,Web/Java Developer
83,Deepak Tiwari,"B.Tech in Computer Science, Jamia Millia Islamia",6 months internship experience,"Scikit-learn, Pandas, SQL, Machine Learning, Data Analysis, Power BI","Deepak Tiwari is a Computer Science from Jamia Millia Islamia. Skilled in Scikit-learn, Pandas, SQL, Machine Learning, Data Analysis, Power BI. Built a spam detection model using NLP techniques. 6 months internship experience. Looking for opportunities to apply technical skills and grow professionally.",deepak tiwari computer science jamia millia islamia skilled scikit learn panda sql machine learning data analysis power bi built spam detection model using nlp technique month internship experience looking opportunity apply technical skill grow professionally,Data Science
84,Ananya Nair,"B.Tech in Computer Science, Delhi University",1 year experience,"Pandas, NumPy, Data Visualization, Data Analysis","Ananya Nair is a Computer Science from Delhi University. Skilled in Pandas, NumPy, Data Visualization, Data Analysis. Analyzed large datasets to find trends using Python and Pandas. 1 year experience. Looking for opportunities to apply technical skills and grow professionally.",ananya nair computer science delhi university skilled panda numpy data visualization data analysis analyzed large datasets find trend using python panda year experience looking opportunity apply technical skill grow professionally,Other
85,Vikas Rathore,"B.Tech in Mechanical Engineering, IIT Kanpur",6 months internship experience,"TensorFlow, Data Analysis, Power BI, Scikit-learn","Vikas Rathore is a Mechanical Engineering from IIT Kanpur. Skilled in TensorFlow, Data Analysis, Power BI, Scikit-learn. Developed a recommendation system using collaborative filtering. 6 months internship experience. Looking for opportunities to apply technical skills and grow professionally.",vikas rathore mechanical engineering iit kanpur skilled tensorflow data analysis power bi scikit learn developed recommendation system using collaborative filtering month internship experience looking opportunity apply technical skill grow professionally,Other
86,Meena Kumar,"M.Tech in Computer Science, Pune University",Fresher,"MySQL, Java, PHP, CSS, React","Meena Kumar is a Computer Science from Pune University. Skilled in MySQL, Java, PHP, CSS, React. Worked on a full stack e-commerce application. Fresher. Looking for opportunities to apply technical skills and grow professionally.",meena kumar computer science pune university skilled mysql java php cs react worked full stack e commerce application fresher looking opportunity apply technical skill grow professionally,Web/Java Developer
87,Pooja Joshi,"B.Tech in Mechanical Engineering, Amity University",Fresher,"MySQL, PHP, C++, HTML, JavaScript","Pooja Joshi is a Mechanical Engineering from Amity University. Skilled in MySQL, PHP, C++, HTML, JavaScript. Worked on backend development using Node.js. Fresher. Looking for opportunities to apply technical skills and grow professionally.",pooja joshi mechanical engineering amity university skilled mysql php c html javascript worked backend development using node j fresher looking opportunity apply technical skill grow professionally,Web/Java Developer
88,Myra Chauhan,"B.Tech in Mechanical Engineering, Lovely Professional University",No experience,"MySQL, Java, Spring Boot, CSS, Node.js, C++","Myra Chauhan is a Mechanical Engineering from Lovely Professional University. Skilled in MySQL, Java, Spring Boot, CSS, Node.js, C++. Developed a college website using HTML, CSS and JavaScript. No experience. Looking for opportunities to apply technical skills and grow professionally.",myra chauhan mechanical engineering lovely professional university skilled mysql java spring boot cs node j c developed college website using html cs javascript experience looking opportunity apply technical skill grow professionally,Web/Java Developer
89,Deepak Nair,"M.Tech in Computer Science, Jamia Millia Islamia",Fresher,"Marketing, Accounting, Project Management","Deepak Nair is a Computer Science from Jamia Millia Islamia. Skilled in Marketing, Accounting, Project Management. Managed social media marketing campaigns for a small business. Fresher. Looking for opportunities to apply technical skills and grow professionally.",deepak nair computer science jamia millia islamia skilled marketing accounting project management managed social medium marketing campaign small business fresher looking opportunity apply technical skill grow professionally,Other
90,Pari Agarwal,"B.Tech in Computer Science, Jamia Millia Islamia",1 year experience,"Machine Learning, Pandas, NumPy, Data Analysis","Pari Agarwal is a Computer Science from Jamia Millia Islamia. Skilled in Machine Learning, Pandas, NumPy, Data Analysis. Analyzed large datasets to find trends using Python and Pandas. 1 year experience. Looking for opportunities to apply technical skills and grow professionally.",pari agarwal computer science jamia millia islamia skilled machine learning panda numpy data analysis analyzed large datasets find trend using python panda year experience looking opportunity apply technical skill grow professionally,Data Science
91,Krishna Tiwari,"BCA, Anna University",Fresher,"CSS, MySQL, PHP, Spring Boot, C++","Krishna Tiwari is a graduate from Anna University. Skilled in CSS, MySQL, PHP, Spring Boot, C++. Developed a login and registration system using PHP. Fresher. Looking for opportunities to apply technical skills and grow professionally.",krishna tiwari graduate anna university skilled cs mysql php spring boot c developed login registration system using php fresher looking opportunity apply technical skill grow professionally,Web/Java Developer
92,Shreya Gupta,"B.Sc in Computer Science, NIT Allahabad",2 years experience,"Content Writing, Customer Service, Tally, Excel, Marketing","Shreya Gupta is a Computer Science from NIT Allahabad. Skilled in Content Writing, Customer Service, Tally, Excel, Marketing. Handled customer queries and improved satisfaction scores. 2 years experience. Looking for opportunities to apply technical skills and grow professionally.",shreya gupta computer science nit allahabad skilled content writing customer service tally excel marketing handled customer query improved satisfaction score year experience looking opportunity apply technical skill grow professionally,Other
93,Sandeep Singh,"B.Tech in AI & Data Science, Lovely Professional University",Fresher,"MySQL, Spring Boot, React, Java, PHP, HTML","Sandeep Singh is a AI & Data Science from Lovely Professional University. Skilled in MySQL, Spring Boot, React, Java, PHP, HTML. Worked on backend development using Node.js. Fresher. Looking for opportunities to apply technical skills and grow professionally.",sandeep singh ai data science lovely professional university skilled mysql spring boot react java php html worked backend development using node j fresher looking opportunity apply technical skill grow professionally,Web/Java Developer
94,Ritu Tiwari,"BCA, Jamia Millia Islamia",Fresher,"Scikit-learn, Data Science, Statistics, Pandas","Ritu Tiwari is a graduate from Jamia Millia Islamia. Skilled in Scikit-learn, Data Science, Statistics, Pandas. Performed exploratory data analysis on sales data. Fresher. Looking for opportunities to apply technical skills and grow professionally.",ritu tiwari graduate jamia millia islamia skilled scikit learn data science statistic panda performed exploratory data analysis sale data fresher looking opportunity apply technical skill grow professionally,Data Science
95,Krishna Verma,"B.Tech in Computer Science, Amity University",6 months internship experience,"Communication, Marketing, Project Management","Krishna Verma is a Computer Science from Amity University. Skilled in Communication, Marketing, Project Management. Worked as an intern in sales and business development. 6 months internship experience. Looking for opportunities to apply technical skills and grow professionally.",krishna verma computer science amity university skilled communication marketing project management worked intern sale business development month internship experience looking opportunity apply technical skill grow professionally,Other
96,Rahul Tiwari,"B.E. in Electronics, Jamia Millia Islamia",2 years experience,"Spring Boot, HTML, PHP, MySQL","Rahul Tiwari is a Electronics from Jamia Millia Islamia. Skilled in Spring Boot, HTML, PHP, MySQL. Built a portfolio website using React. 2 years experience. Looking for opportunities to apply technical skills and grow professionally.",rahul tiwari electronics jamia millia islamia skilled spring boot html php mysql built portfolio website using react year experience looking opportunity apply technical skill grow professionally,Web/Java Developer
97,Aditya Joshi,"M.Tech in Computer Science, Pune University",No experience,"Power BI, NumPy, Machine Learning, Scikit-learn","Aditya Joshi is a Computer Science from Pune University. Skilled in Power BI, NumPy, Machine Learning, Scikit-learn. Trained deep learning models for image classification tasks. No experience. Looking for opportunities to apply technical skills and grow professionally.",aditya joshi computer science pune university skilled power bi numpy machine learning scikit learn trained deep learning model image classification task experience looking opportunity apply technical skill grow professionally,Data Science
98,Nikhil Verma,"B.E. in Electronics, Amity University",No experience,"Power BI, Data Science, Machine Learning, Scikit-learn","Nikhil Verma is a Electronics from Amity University. Skilled in Power BI, Data Science, Machine Learning, Scikit-learn. Developed a recommendation system using collaborative filtering. No experience. Looking for opportunities to apply technical skills and grow professionally.",nikhil verma electronics amity university skilled power bi data science machine learning scikit learn developed recommendation system using collaborative filtering experience looking opportunity apply technical skill grow professionally,Data Science
99,Vivaan Verma,"BCA, NIT Allahabad",2 years experience,"Marketing, Communication, Sales, Accounting, Customer Service","Vivaan Verma is a graduate from NIT Allahabad. Skilled in Marketing, Communication, Sales, Accounting, Customer Service. Coordinated project timelines and team schedules. 2 years experience. Looking for opportunities to apply technical skills and grow professionally.",vivaan verma graduate nit allahabad skilled marketing communication sale accounting customer service coordinated project timeline team schedule year experience looking opportunity apply technical skill grow professionally,Other
100,Ishaan Malhotra,"B.Tech in Computer Science, Amity University",Fresher,"Project Management, Customer Service, Accounting","Ishaan Malhotra is a Computer Science from Amity University. Skilled in Project Management, Customer Service, Accounting. Maintained accounts and financial records using Tally. Fresher. Looking for opportunities to apply technical skills and grow professionally.",ishaan malhotra computer science amity university skilled project management customer service accounting maintained account financial record using tally fresher looking opportunity apply technical skill grow professionally,Other
101,Vivaan Kumar,"B.Tech in Computer Science, Lovely Professional University",Fresher,"C++, React, Java, HTML","Vivaan Kumar is a Computer Science from Lovely Professional University. Skilled in C++, React, Java, HTML. Created database schemas and queries using MySQL. Fresher. Looking for opportunities to apply technical skills and grow professionally.",vivaan kumar computer science lovely professional university skilled c react java html created database schema query using mysql fresher looking opportunity apply technical skill grow professionally,Web/Java Developer
102,Krishna Rathore,"M.Sc in Data Science, Lucknow University",No experience,"PHP, React, HTML, JavaScript, MySQL","Krishna Rathore is a Data Science from Lucknow University. Skilled in PHP, React, HTML, JavaScript, MySQL. Designed responsive web pages for a client project. No experience. Looking for opportunities to apply technical skills and grow professionally.",krishna rathore data science lucknow university skilled php react html javascript mysql designed responsive web page client project experience looking opportunity apply technical skill grow professionally,Web/Java Developer
103,Aditya Saxena,"MCA, Pune University",6 months internship experience,"Java, PHP, Spring Boot, JavaScript","Aditya Saxena is a graduate from Pune University. Skilled in Java, PHP, Spring Boot, JavaScript. Built REST APIs using Java and Spring Boot. 6 months internship experience. Looking for opportunities to apply technical skills and grow professionally.",aditya saxena graduate pune university skilled java php spring boot javascript built rest apis using java spring boot month internship experience looking opportunity apply technical skill grow professionally,Web/Java Developer
104,Pooja Gupta,"B.Tech in Information Technology, Lovely Professional University",6 months internship experience,"CSS, MySQL, React, JavaScript","Pooja Gupta is a Information Technology from Lovely Professional University. Skilled in CSS, MySQL, React, JavaScript. Created database schemas and queries using MySQL. 6 months internship experience. Looking for opportunities to apply technical skills and grow professionally.",pooja gupta information technology lovely professional university skilled cs mysql react javascript created database schema query using mysql month internship experience looking opportunity apply technical skill grow professionally,Web/Java Developer
105,Ravi Malhotra,"B.E. in Electronics, Lucknow University",6 months internship experience,"Node.js, JavaScript, Spring Boot, C++","Ravi Malhotra is a Electronics from Lucknow University. Skilled in Node.js, JavaScript, Spring Boot, C++. Designed responsive web pages for a client project. 6 months internship experience. Looking for opportunities to apply technical skills and grow professionally.",ravi malhotra electronics lucknow university skilled node j javascript spring boot c designed responsive web page client project month internship experience looking opportunity apply technical skill grow professionally,Web/Java Developer
106,Karan Agarwal,"B.E. in Electronics, VIT Vellore",Fresher,"Spring Boot, React, MySQL, CSS, HTML","Karan Agarwal is a Electronics from VIT Vellore. Skilled in Spring Boot, React, MySQL, CSS, HTML. Worked on backend development using Node.js. Fresher. Looking for opportunities to apply technical skills and grow professionally.",karan agarwal electronics vit vellore skilled spring boot react mysql cs html worked backend development using node j fresher looking opportunity apply technical skill grow professionally,Web/Java Developer
107,Sai Gupta,"B.Tech in Information Technology, VIT Vellore",Fresher,"NumPy, Data Visualization, NLP, Deep Learning, Python, Scikit-learn","Sai Gupta is a Information Technology from VIT Vellore. Skilled in NumPy, Data Visualization, NLP, Deep Learning, Python, Scikit-learn. Trained deep learning models for image classification tasks. Fresher. Looking for opportunities to apply technical skills and grow professionally.",sai gupta information technology vit vellore skilled numpy data visualization nlp deep learning python scikit learn trained deep learning model image classification task fresher looking opportunity apply technical skill grow professionally,Data Science
108,Priya Joshi,"B.E. in Electronics, Delhi University",1 year experience,"Accounting, Tally, Communication, Sales, Content Writing","Priya Joshi is a Electronics from Delhi University. Skilled in Accounting, Tally, Communication, Sales, Content Writing. Coordinated project timelines and team schedules. 1 year experience. Looking for opportunities to apply technical skills and grow professionally.",priya joshi electronics delhi university skilled accounting tally communication sale content writing coordinated project timeline team schedule year experience looking opportunity apply technical skill grow professionally,Other
109,Manish Pandey,"B.Tech in Information Technology, Lovely Professional University",No experience,"Communication, Accounting, Marketing, Content Writing","Manish Pandey is a Information Technology from Lovely Professional University. Skilled in Communication, Accounting, Marketing, Content Writing. Worked as an intern in sales and business development. No experience. Looking for opportunities to apply technical skills and grow professionally.",manish pandey information technology lovely professional university skilled communication accounting marketing content writing worked intern sale business development experience looking opportunity apply technical skill grow professionally,Other
110,Ritu Malhotra,"M.Sc in Data Science, Delhi University",2 years experience,"MySQL, Java, CSS, PHP, React, Spring Boot","Ritu Malhotra is a Data Science from Delhi University. Skilled in MySQL, Java, CSS, PHP, React, Spring Boot. Developed a login and registration system using PHP. 2 years experience. Looking for opportunities to apply technical skills and grow professionally.",ritu malhotra data science delhi university skilled mysql java cs php react spring boot developed login registration system using php year experience looking opportunity apply technical skill grow professionally,Web/Java Developer
111,Aarav Yadav,"B.Sc in Computer Science, Jamia Millia Islamia",6 months internship experience,"CSS, Java, HTML, React","Aarav Yadav is a Computer Science from Jamia Millia Islamia. Skilled in CSS, Java, HTML, React. Designed responsive web pages for a client project. 6 months internship experience. Looking for opportunities to apply technical skills and grow professionally.",aarav yadav computer science jamia millia islamia skilled cs java html react designed responsive web page client project month internship experience looking opportunity apply technical skill grow professionally,Web/Java Developer
112,Priya Agarwal,"BCA, IIT Kanpur",1 year experience,"NumPy, Data Visualization, TensorFlow, Statistics, Machine Learning, Python","Priya Agarwal is a graduate from IIT Kanpur. Skilled in NumPy, Data Visualization, TensorFlow, Statistics, Machine Learning, Python. Analyzed large datasets to find trends using Python and Pandas. 1 year experience. Looking for opportunities to apply technical skills and grow professionally.",priya agarwal graduate iit kanpur skilled numpy data visualization tensorflow statistic machine learning python analyzed large datasets find trend using python panda year experience looking opportunity apply technical skill grow professionally,Data Science
113,Ritu Verma,"B.Tech in Information Technology, Amity University",No experience,"Data Science, TensorFlow, Power BI, Data Analysis, Pandas","Ritu Verma is a Information Technology from Amity University. Skilled in Data Science, TensorFlow, Power BI, Data Analysis, Pandas. Developed a recommendation system using collaborative filtering. No experience. Looking for opportunities to apply technical skills and grow professionally.",ritu verma information technology amity university skilled data science tensorflow power bi data analysis panda developed recommendation system using collaborative filtering experience looking opportunity apply technical skill grow professionally,Data Science
114,Ayaan Joshi,"B.E. in Electronics, Lucknow University",6 months internship experience,"TensorFlow, Data Science, Deep Learning, Scikit-learn, Pandas, Python","Ayaan Joshi is a Electronics from Lucknow University. Skilled in TensorFlow, Data Science, Deep Learning, Scikit-learn, Pandas, Python. Developed a recommendation system using collaborative filtering. 6 months internship experience. Looking for opportunities to apply technical skills and grow professionally.",ayaan joshi electronics lucknow university skilled tensorflow data science deep learning scikit learn panda python developed recommendation system using collaborative filtering month internship experience looking opportunity apply technical skill grow professionally,Data Science
115,Sonia Verma,"B.Tech in Computer Science, NIT Allahabad",Fresher,"Data Visualization, NLP, Pandas, Statistics","Sonia Verma is a Computer Science from NIT Allahabad. Skilled in Data Visualization, NLP, Pandas, Statistics. Trained deep learning models for image classification tasks. Fresher. Looking for opportunities to apply technical skills and grow professionally.",sonia verma computer science nit allahabad skilled data visualization nlp panda statistic trained deep learning model image classification task fresher looking opportunity apply technical skill grow professionally,Data Science
116,Aarav Bansal,"B.E. in Electronics, IIT Kanpur",Fresher,"Statistics, SQL, Deep Learning, Power BI, NumPy, Machine Learning","Aarav Bansal is a Electronics from IIT Kanpur. Skilled in Statistics, SQL, Deep Learning, Power BI, NumPy, Machine Learning. Performed exploratory data analysis on sales data. Fresher. Looking for opportunities to apply technical skills and grow professionally.",aarav bansal electronics iit kanpur skilled statistic sql deep learning power bi numpy machine learning performed exploratory data analysis sale data fresher looking opportunity apply technical skill grow professionally,Data Science
117,Neha Sharma,"B.Tech in AI & Data Science, Lucknow University",Fresher,"Content Writing, Sales, Customer Service, Project Management, Excel","Neha Sharma is a AI & Data Science from Lucknow University. Skilled in Content Writing, Sales, Customer Service, Project Management, Excel. Worked as an intern in sales and business development. Fresher. Looking for opportunities to apply technical skills and grow professionally.",neha sharma ai data science lucknow university skilled content writing sale customer service project management excel worked intern sale business development fresher looking opportunity apply technical skill grow professionally,Other
118,Rohan Yadav,"B.Tech in Mechanical Engineering, Pune University",No experience,"Communication, Content Writing, Sales, Photoshop","Rohan Yadav is a Mechanical Engineering from Pune University. Skilled in Communication, Content Writing, Sales, Photoshop. Worked as an intern in sales and business development. No experience. Looking for opportunities to apply technical skills and grow professionally.",rohan yadav mechanical engineering pune university skilled communication content writing sale photoshop worked intern sale business development experience looking opportunity apply technical skill grow professionally,Other
119,Suresh Saxena,"B.Tech in Information Technology, VIT Vellore",No experience,"Tally, Marketing, Sales, Content Writing, Communication","Suresh Saxena is a Information Technology from VIT Vellore. Skilled in Tally, Marketing, Sales, Content Writing, Communication. Managed social media marketing campaigns for a small business. No experience. Looking for opportunities to apply technical skills and grow professionally.",suresh saxena information technology vit vellore skilled tally marketing sale content writing communication managed social medium marketing campaign small business experience looking opportunity apply technical skill grow professionally,Other
120,Ayaan Saxena,"M.Sc in Data Science, NIT Allahabad",2 years experience,"Tally, Project Management, Marketing, Excel","Ayaan Saxena is a Data Science from NIT Allahabad. Skilled in Tally, Project Management, Marketing, Excel. Maintained accounts and financial records using Tally. 2 years experience. Looking for opportunities to apply technical skills and grow professionally.",ayaan saxena data science nit allahabad skilled tally project management marketing excel maintained account financial record using tally year experience looking opportunity apply technical skill grow professionally,Other
121,Saanvi Yadav,"B.Tech in Mechanical Engineering, IIT Kanpur",No experience,"HTML, CSS, PHP, JavaScript, MySQL, React","Saanvi Yadav is a Mechanical Engineering from IIT Kanpur. Skilled in HTML, CSS, PHP, JavaScript, MySQL, React. Worked on backend development using Node.js. No experience. Looking for opportunities to apply technical skills and grow professionally.",saanvi yadav mechanical engineering iit kanpur skilled html cs php javascript mysql react worked backend development using node j experience looking opportunity apply technical skill grow professionally,Web/Java Developer
122,Ritu Patel,"BCA, IIT Kanpur",2 years experience,"Data Science, Scikit-learn, Pandas, Statistics, TensorFlow","Ritu Patel is a graduate from IIT Kanpur. Skilled in Data Science, Scikit-learn, Pandas, Statistics, TensorFlow. Worked on a student performance prediction project using machine learning. 2 years experience. Looking for opportunities to apply technical skills and grow professionally.",ritu patel graduate iit kanpur skilled data science scikit learn panda statistic tensorflow worked student performance prediction project using machine learning year experience looking opportunity apply technical skill grow professionally,Data Science
123,Ravi Gupta,"MCA, Pune University",No experience,"React, MySQL, HTML, C++","Ravi Gupta is a graduate from Pune University. Skilled in React, MySQL, HTML, C++. Built REST APIs using Java and Spring Boot. No experience. Looking for opportunities to apply technical skills and grow professionally.",ravi gupta graduate pune university skilled react mysql html c built rest apis using java spring boot experience looking opportunity apply technical skill grow professionally,Web/Java Developer
124,Sonia Saxena,"B.E. in Electronics, Pune University",Fresher,"Java, PHP, JavaScript, CSS, MySQL, Node.js","Sonia Saxena is a Electronics from Pune University. Skilled in Java, PHP, JavaScript, CSS, MySQL, Node.js. Worked on a full stack e-commerce application. Fresher. Looking for opportunities to apply technical skills and grow professionally.",sonia saxena electronics pune university skilled java php javascript cs mysql node j worked full stack e commerce application fresher looking opportunity apply technical skill grow professionally,Web/Java Developer
125,Pooja Singh,"BCA, Lucknow University",2 years experience,"Java, JavaScript, PHP, Node.js","Pooja Singh is a graduate from Lucknow University. Skilled in Java, JavaScript, PHP, Node.js. Worked on a full stack e-commerce application. 2 years experience. Looking for opportunities to apply technical skills and grow professionally.",pooja singh graduate lucknow university skilled java javascript php node j worked full stack e commerce application year experience looking opportunity apply technical skill grow professionally,Web/Java Developer
126,Rahul Nair,"B.E. in Electronics, VIT Vellore",2 years experience,"C++, Java, React, Node.js, CSS, Spring Boot","Rahul Nair is a Electronics from VIT Vellore. Skilled in C++, Java, React, Node.js, CSS, Spring Boot. Built a portfolio website using React. 2 years experience. Looking for opportunities to apply technical skills and grow professionally.",rahul nair electronics vit vellore skilled c java react node j cs spring boot built portfolio website using react year experience looking opportunity apply technical skill grow professionally,Web/Java Developer
127,Anika Malhotra,"B.Sc in Computer Science, Lovely Professional University",2 years experience,"NLP, NumPy, Pandas, Scikit-learn, Data Analysis, Power BI","Anika Malhotra is a Computer Science from Lovely Professional University. Skilled in NLP, NumPy, Pandas, Scikit-learn, Data Analysis, Power BI. Built a spam detection model using NLP techniques. 2 years experience. Looking for opportunities to apply technical skills and grow professionally.",anika malhotra computer science lovely professional university skilled nlp numpy panda scikit learn data analysis power bi built spam detection model using nlp technique year experience looking opportunity apply technical skill grow professionally,Data Science
128,Anjali Chauhan,"BCA, IIT Kanpur",2 years experience,"Node.js, HTML, Spring Boot, MySQL, CSS, Java","Anjali Chauhan is a graduate from IIT Kanpur. Skilled in Node.js, HTML, Spring Boot, MySQL, CSS, Java. Developed a login and registration system using PHP. 2 years experience. Looking for opportunities to apply technical skills and grow professionally.",anjali chauhan graduate iit kanpur skilled node j html spring boot mysql cs java developed login registration system using php year experience looking opportunity apply technical skill grow professionally,Web/Java Developer
129,Diya Mishra,"BCA, Pune University",2 years experience,"NLP, Machine Learning, Pandas, Data Visualization","Diya Mishra is a graduate from Pune University. Skilled in NLP, Machine Learning, Pandas, Data Visualization. Worked on a student performance prediction project using machine learning. 2 years experience. Looking for opportunities to apply technical skills and grow professionally.",diya mishra graduate pune university skilled nlp machine learning panda data visualization worked student performance prediction project using machine learning year experience looking opportunity apply technical skill grow professionally,Data Science
130,Ritu Kumar,"B.Tech in Mechanical Engineering, VIT Vellore",Fresher,"Power BI, Statistics, TensorFlow, NLP","Ritu Kumar is a Mechanical Engineering from VIT Vellore. Skilled in Power BI, Statistics, TensorFlow, NLP. Implemented a chatbot using natural language processing. Fresher. Looking for opportunities to apply technical skills and grow professionally.",ritu kumar mechanical engineering vit vellore skilled power bi statistic tensorflow nlp implemented chatbot using natural language processing fresher looking opportunity apply technical skill grow professionally,Data Science
131,Priya Joshi,"M.Tech in Computer Science, Pune University",No experience,"PHP, JavaScript, Node.js, CSS, C++, HTML","Priya Joshi is a Computer Science from Pune University. Skilled in PHP, JavaScript, Node.js, CSS, C++, HTML. Developed a login and registration system using PHP. No experience. Looking for opportunities to apply technical skills and grow professionally.",priya joshi computer science pune university skilled php javascript node j cs c html developed login registration system using php experience looking opportunity apply technical skill grow professionally,Web/Java Developer
132,Pooja Agarwal,"MCA, VIT Vellore",6 months internship experience,"CSS, JavaScript, C++, Spring Boot, PHP","Pooja Agarwal is a graduate from VIT Vellore. Skilled in CSS, JavaScript, C++, Spring Boot, PHP. Developed a college website using HTML, CSS and JavaScript. 6 months internship experience. Looking for opportunities to apply technical skills and grow professionally.",pooja agarwal graduate vit vellore skilled cs javascript c spring boot php developed college website using html cs javascript month internship experience looking opportunity apply technical skill grow professionally,Web/Java Developer
133,Rahul Tiwari,"B.Tech in Information Technology, Anna University",6 months internship experience,"Communication, Project Management, Accounting, Marketing","Rahul Tiwari is a Information Technology from Anna University. Skilled in Communication, Project Management, Accounting, Marketing. Maintained accounts and financial records using Tally. 6 months internship experience. Looking for opportunities to apply technical skills and grow professionally.",rahul tiwari information technology anna university skilled communication project management accounting marketing maintained account financial record using tally month internship experience looking opportunity apply technical skill grow professionally,Other
134,Sai Pandey,"B.Tech in AI & Data Science, Lovely Professional University",Fresher,"Excel, Content Writing, Tally, Communication","Sai Pandey is a AI & Data Science from Lovely Professional University. Skilled in Excel, Content Writing, Tally, Communication. Worked as an intern in sales and business development. Fresher. Looking for opportunities to apply technical skills and grow professionally.",sai pandey ai data science lovely professional university skilled excel content writing tally communication worked intern sale business development fresher looking opportunity apply technical skill grow professionally,Other
135,Rahul Pandey,"B.Tech in Computer Science, Lovely Professional University",1 year experience,"Tally, Project Management, Customer Service, Excel, Photoshop","Rahul Pandey is a Computer Science from Lovely Professional University. Skilled in Tally, Project Management, Customer Service, Excel, Photoshop. Created promotional content for marketing campaigns. 1 year experience. Looking for opportunities to apply technical skills and grow professionally.",rahul pandey computer science lovely professional university skilled tally project management customer service excel photoshop created promotional content marketing campaign year experience looking opportunity apply technical skill grow professionally,Other
136,Manish Agarwal,"B.Tech in Mechanical Engineering, Delhi University",Fresher,"Accounting, Marketing, Project Management","Manish Agarwal is a Mechanical Engineering from Delhi University. Skilled in Accounting, Marketing, Project Management. Worked as an intern in sales and business development. Fresher. Looking for opportunities to apply technical skills and grow professionally.",manish agarwal mechanical engineering delhi university skilled accounting marketing project management worked intern sale business development fresher looking opportunity apply technical skill grow professionally,Other
137,Riya Pandey,"MCA, Lucknow University",6 months internship experience,"Scikit-learn, Data Visualization, TensorFlow, Data Science, Machine Learning","Riya Pandey is a graduate from Lucknow University. Skilled in Scikit-learn, Data Visualization, TensorFlow, Data Science, Machine Learning. Built a spam detection model using NLP techniques. 6 months internship experience. Looking for opportunities to apply technical skills and grow professionally.",riya pandey graduate lucknow university skilled scikit learn data visualization tensorflow data science machine learning built spam detection model using nlp technique month internship experience looking opportunity apply technical skill grow professionally,Data Science
138,Sonia Tiwari,"B.Tech in Computer Science, Anna University",No experience,"CSS, MySQL, Spring Boot, Java, Node.js, C++","Sonia Tiwari is a Computer Science from Anna University. Skilled in CSS, MySQL, Spring Boot, Java, Node.js, C++. Designed responsive web pages for a client project. No experience. Looking for opportunities to apply technical skills and grow professionally.",sonia tiwari computer science anna university skilled cs mysql spring boot java node j c designed responsive web page client project experience looking opportunity apply technical skill grow professionally,Web/Java Developer
139,Priya Yadav,"B.Tech in Information Technology, Anna University",6 months internship experience,"Customer Service, Sales, Excel","Priya Yadav is a Information Technology from Anna University. Skilled in Customer Service, Sales, Excel. Worked as an intern in sales and business development. 6 months internship experience. Looking for opportunities to apply technical skills and grow professionally.",priya yadav information technology anna university skilled customer service sale excel worked intern sale business development month internship experience looking opportunity apply technical skill grow professionally,Other
140,Aditya Chauhan,"BCA, Amity University",No experience,"HTML, React, JavaScript, Node.js, Spring Boot","Aditya Chauhan is a graduate from Amity University. Skilled in HTML, React, JavaScript, Node.js, Spring Boot. Built REST APIs using Java and Spring Boot. No experience. Looking for opportunities to apply technical skills and grow professionally.",aditya chauhan graduate amity university skilled html react javascript node j spring boot built rest apis using java spring boot experience looking opportunity apply technical skill grow professionally,Web/Java Developer
141,Karan Kumar,"B.Tech in Computer Science, Lovely Professional University",6 months internship experience,"CSS, PHP, Node.js, React, HTML, Spring Boot","Karan Kumar is a Computer Science from Lovely Professional University. Skilled in CSS, PHP, Node.js, React, HTML, Spring Boot. Built REST APIs using Java and Spring Boot. 6 months internship experience. Looking for opportunities to apply technical skills and grow professionally.",karan kumar computer science lovely professional university skilled cs php node j react html spring boot built rest apis using java spring boot month internship experience looking opportunity apply technical skill grow professionally,Web/Java Developer
142,Aditya Nair,"M.Tech in Computer Science, Delhi University",2 years experience,"React, MySQL, Spring Boot, PHP","Aditya Nair is a Computer Science from Delhi University. Skilled in React, MySQL, Spring Boot, PHP. Worked on backend development using Node.js. 2 years experience. Looking for opportunities to apply technical skills and grow professionally.",aditya nair computer science delhi university skilled react mysql spring boot php worked backend development using node j year experience looking opportunity apply technical skill grow professionally,Other
143,Aditya Mishra,"MCA, Lovely Professional University",6 months internship experience,"Tally, Accounting, Communication","Aditya Mishra is a graduate from Lovely Professional University. Skilled in Tally, Accounting, Communication. Assisted in organizing college events and fests. 6 months internship experience. Looking for opportunities to apply technical skills and grow professionally.",aditya mishra graduate lovely professional university skilled tally accounting communication assisted organizing college event fests month internship experience looking opportunity apply technical skill grow professionally,Other
144,Suresh Agarwal,"B.E. in Electronics, Lovely Professional University",6 months internship experience,"Photoshop, Tally, Accounting, Content Writing","Suresh Agarwal is a Electronics from Lovely Professional University. Skilled in Photoshop, Tally, Accounting, Content Writing. Managed social media marketing campaigns for a small business. 6 months internship experience. Looking for opportunities to apply technical skills and grow professionally.",suresh agarwal electronics lovely professional university skilled photoshop tally accounting content writing managed social medium marketing campaign small business month internship experience looking opportunity apply technical skill grow professionally,Other
145,Sai Rathore,"B.Tech in Mechanical Engineering, IIT Kanpur",6 months internship experience,"HTML, C++, React, PHP, CSS","Sai Rathore is a Mechanical Engineering from IIT Kanpur. Skilled in HTML, C++, React, PHP, CSS. Created database schemas and queries using MySQL. 6 months internship experience. Looking for opportunities to apply technical skills and grow professionally.",sai rathore mechanical engineering iit kanpur skilled html c react php cs created database schema query using mysql month internship experience looking opportunity apply technical skill grow professionally,Web/Java Developer
146,Sonia Rathore,"B.Sc in Computer Science, Pune University",Fresher,"Statistics, NumPy, TensorFlow, Data Analysis","Sonia Rathore is a Computer Science from Pune University. Skilled in Statistics, NumPy, TensorFlow, Data Analysis. Created data visualizations and dashboards for business insights. Fresher. Looking for opportunities to apply technical skills and grow professionally.",sonia rathore computer science pune university skilled statistic numpy tensorflow data analysis created data visualization dashboard business insight fresher looking opportunity apply technical skill grow professionally,Other
147,Arjun Chauhan,"BCA, Anna University",Fresher,"Project Management, Excel, Sales, Content Writing, Accounting","Arjun Chauhan is a graduate from Anna University. Skilled in Project Management, Excel, Sales, Content Writing, Accounting. Created promotional content for marketing campaigns. Fresher. Looking for opportunities to apply technical skills and grow professionally.",arjun chauhan graduate anna university skilled project management excel sale content writing accounting created promotional content marketing campaign fresher looking opportunity apply technical skill grow professionally,Other
148,Krishna Gupta,"M.Tech in Computer Science, Lovely Professional University",6 months internship experience,"Python, TensorFlow, NLP, Scikit-learn, Data Science, NumPy","Krishna Gupta is a Computer Science from Lovely Professional University. Skilled in Python, TensorFlow, NLP, Scikit-learn, Data Science, NumPy. Trained deep learning models for image classification tasks. 6 months internship experience. Looking for opportunities to apply technical skills and grow professionally.",krishna gupta computer science lovely professional university skilled python tensorflow nlp scikit learn data science numpy trained deep learning model image classification task month internship experience looking opportunity apply technical skill grow professionally,Data Science
149,Arjun Dubey,"B.Sc in Computer Science, Anna University",6 months internship experience,"Scikit-learn, Pandas, SQL, Machine Learning, Python","Arjun Dubey is a Computer Science from Anna University. Skilled in Scikit-learn, Pandas, SQL, Machine Learning, Python. Analyzed large datasets to find trends using Python and Pandas. 6 months internship experience. Looking for opportunities to apply technical skills and grow professionally.",arjun dubey computer science anna university skilled scikit learn panda sql machine learning python analyzed large datasets find trend using python panda month internship experience looking opportunity apply technical skill grow professionally,Data Science
150,Vikas Chauhan,"M.Sc in Data Science, Lucknow University",1 year experience,"Statistics, Data Science, SQL, TensorFlow, Pandas","Vikas Chauhan is a Data Science from Lucknow University. Skilled in Statistics, Data Science, SQL, TensorFlow, Pandas. Implemented a chatbot using natural language processing. 1 year experience. Looking for opportunities to apply technical skills and grow professionally.",vikas chauhan data science lucknow university skilled statistic data science sql tensorflow panda implemented chatbot using natural language processing year experience looking opportunity apply technical skill grow professionally,Data Science
151,Ayaan Kumar,"B.Tech in Information Technology, Pune University",2 years experience,"Data Science, Machine Learning, Scikit-learn, NumPy, Statistics, Data Visualization","Ayaan Kumar is a Information Technology from Pune University. Skilled in Data Science, Machine Learning, Scikit-learn, NumPy, Statistics, Data Visualization. Created data visualizations and dashboards for business insights. 2 years experience. Looking for opportunities to apply technical skills and grow professionally.",ayaan kumar information technology pune university skilled data science machine learning scikit learn numpy statistic data visualization created data visualization dashboard business insight year experience looking opportunity apply technical skill grow professionally,Data Science
152,Ananya Yadav,"BCA, Anna University",2 years experience,"Data Visualization, NLP, SQL, Data Science","Ananya Yadav is a graduate from Anna University. Skilled in Data Visualization, NLP, SQL, Data Science. Worked on a student performance prediction project using machine learning. 2 years experience. Looking for opportunities to apply technical skills and grow professionally.",ananya yadav graduate anna university skilled data visualization nlp sql data science worked student performance prediction project using machine learning year experience looking opportunity apply technical skill grow professionally,Data Science
153,Anjali Dubey,"BCA, Pune University",No experience,"Project Management, Communication, Customer Service, Sales, Marketing","Anjali Dubey is a graduate from Pune University. Skilled in Project Management, Communication, Customer Service, Sales, Marketing. Created promotional content for marketing campaigns. No experience. Looking for opportunities to apply technical skills and grow professionally.",anjali dubey graduate pune university skilled project management communication customer service sale marketing created promotional content marketing campaign experience looking opportunity apply technical skill grow professionally,Other
154,Priya Rathore,"B.Tech in Mechanical Engineering, Lucknow University",1 year experience,"Scikit-learn, Machine Learning, Data Science, Statistics, Deep Learning","Priya Rathore is a Mechanical Engineering from Lucknow University. Skilled in Scikit-learn, Machine Learning, Data Science, Statistics, Deep Learning. Trained deep learning models for image classification tasks. 1 year experience. Looking for opportunities to apply technical skills and grow professionally.",priya rathore mechanical engineering lucknow university skilled scikit learn machine learning data science statistic deep learning trained deep learning model image classification task year experience looking opportunity apply technical skill grow professionally,Data Science
155,Anjali Dubey,"B.Sc in Computer Science, IIT Kanpur",1 year experience,"Power BI, Machine Learning, Deep Learning, NLP","Anjali Dubey is a Computer Science from IIT Kanpur. Skilled in Power BI, Machine Learning, Deep Learning, NLP. Created data visualizations and dashboards for business insights. 1 year experience. Looking for opportunities to apply technical skills and grow professionally.",anjali dubey computer science iit kanpur skilled power bi machine learning deep learning nlp created data visualization dashboard business insight year experience looking opportunity apply technical skill grow professionally,Data Science
156,Ananya Patel,"M.Tech in Computer Science, Lovely Professional University",1 year experience,"Accounting, Communication, Sales, Customer Service, Tally","Ananya Patel is a Computer Science from Lovely Professional University. Skilled in Accounting, Communication, Sales, Customer Service, Tally. Prepared reports and presentations for management review. 1 year experience. Looking for opportunities to apply technical skills and grow professionally.",ananya patel computer science lovely professional university skilled accounting communication sale customer service tally prepared report presentation management review year experience looking opportunity apply technical skill grow professionally,Other
157,Pari Malhotra,"M.Sc in Data Science, Lucknow University",No experience,"C++, CSS, Node.js, React","Pari Malhotra is a Data Science from Lucknow University. Skilled in C++, CSS, Node.js, React. Developed a login and registration system using PHP. No experience. Looking for opportunities to apply technical skills and grow professionally.",pari malhotra data science lucknow university skilled c cs node j react developed login registration system using php experience looking opportunity apply technical skill grow professionally,Web/Java Developer
158,Aditya Sharma,"B.Tech in Information Technology, Delhi University",6 months internship experience,"Accounting, Marketing, Content Writing, Sales, Tally","Aditya Sharma is a Information Technology from Delhi University. Skilled in Accounting, Marketing, Content Writing, Sales, Tally. Handled customer queries and improved satisfaction scores. 6 months internship experience. Looking for opportunities to apply technical skills and grow professionally.",aditya sharma information technology delhi university skilled accounting marketing content writing sale tally handled customer query improved satisfaction score month internship experience looking opportunity apply technical skill grow professionally,Other
159,Sandeep Nair,"MCA, Pune University",6 months internship experience,"Data Analysis, Pandas, Data Science, Machine Learning, Python, NLP","Sandeep Nair is a graduate from Pune University. Skilled in Data Analysis, Pandas, Data Science, Machine Learning, Python, NLP. Implemented a chatbot using natural language processing. 6 months internship experience. Looking for opportunities to apply technical skills and grow professionally.",sandeep nair graduate pune university skilled data analysis panda data science machine learning python nlp implemented chatbot using natural language processing month internship experience looking opportunity apply technical skill grow professionally,Data Science
160,Manish Agarwal,"M.Tech in Computer Science, Lovely Professional University",2 years experience,"React, C++, Spring Boot, HTML, CSS","Manish Agarwal is a Computer Science from Lovely Professional University. Skilled in React, C++, Spring Boot, HTML, CSS. Built REST APIs using Java and Spring Boot. 2 years experience. Looking for opportunities to apply technical skills and grow professionally.",manish agarwal computer science lovely professional university skilled react c spring boot html cs built rest apis using java spring boot year experience looking opportunity apply technical skill grow professionally,Web/Java Developer
161,Myra Agarwal,"B.Tech in Information Technology, Amity University",1 year experience,"Machine Learning, Python, Pandas, Data Analysis","Myra Agarwal is a Information Technology from Amity University. Skilled in Machine Learning, Python, Pandas, Data Analysis. Performed exploratory data analysis on sales data. 1 year experience. Looking for opportunities to apply technical skills and grow professionally.",myra agarwal information technology amity university skilled machine learning python panda data analysis performed exploratory data analysis sale data year experience looking opportunity apply technical skill grow professionally,Data Science
162,Ananya Patel,"B.Tech in Mechanical Engineering, Lovely Professional University",6 months internship experience,"Data Science, Deep Learning, Power BI, Statistics","Ananya Patel is a Mechanical Engineering from Lovely Professional University. Skilled in Data Science, Deep Learning, Power BI, Statistics. Created data visualizations and dashboards for business insights. 6 months internship experience. Looking for opportunities to apply technical skills and grow professionally.",ananya patel mechanical engineering lovely professional university skilled data science deep learning power bi statistic created data visualization dashboard business insight month internship experience looking opportunity apply technical skill grow professionally,Data Science
163,Vivaan Gupta,"B.E. in Electronics, Anna University",6 months internship experience,"JavaScript, React, Java, PHP","Vivaan Gupta is a Electronics from Anna University. Skilled in JavaScript, React, Java, PHP. Created database schemas and queries using MySQL. 6 months internship experience. Looking for opportunities to apply technical skills and grow professionally.",vivaan gupta electronics anna university skilled javascript react java php created database schema query using mysql month internship experience looking opportunity apply technical skill grow professionally,Web/Java Developer
164,Sonia Bansal,"MCA, Anna University",2 years experience,"Data Analysis, NLP, Pandas, NumPy","Sonia Bansal is a graduate from Anna University. Skilled in Data Analysis, NLP, Pandas, NumPy. Performed exploratory data analysis on sales data. 2 years experience. Looking for opportunities to apply technical skills and grow professionally.",sonia bansal graduate anna university skilled data analysis nlp panda numpy performed exploratory data analysis sale data year experience looking opportunity apply technical skill grow professionally,Data Science
165,Aditya Chauhan,"B.Tech in Computer Science, Jamia Millia Islamia",No experience,"Node.js, MySQL, HTML, JavaScript, C++","Aditya Chauhan is a Computer Science from Jamia Millia Islamia. Skilled in Node.js, MySQL, HTML, JavaScript, C++. Worked on backend development using Node.js. No experience. Looking for opportunities to apply technical skills and grow professionally.",aditya chauhan computer science jamia millia islamia skilled node j mysql html javascript c worked backend development using node j experience looking opportunity apply technical skill grow professionally,Web/Java Developer
166,Navya Malhotra,"B.Tech in Mechanical Engineering, Lucknow University",1 year experience,"Data Analysis, NumPy, Data Visualization, Deep Learning","Navya Malhotra is a Mechanical Engineering from Lucknow University. Skilled in Data Analysis, NumPy, Data Visualization, Deep Learning. Trained deep learning models for image classification tasks. 1 year experience. Looking for opportunities to apply technical skills and grow professionally.",navya malhotra mechanical engineering lucknow university skilled data analysis numpy data visualization deep learning trained deep learning model image classification task year experience looking opportunity apply technical skill grow professionally,Other
167,Saanvi Malhotra,"M.Sc in Data Science, VIT Vellore",No experience,"Java, CSS, React, Spring Boot","Saanvi Malhotra is a Data Science from VIT Vellore. Skilled in Java, CSS, React, Spring Boot. Worked on backend development using Node.js. No experience. Looking for opportunities to apply technical skills and grow professionally.",saanvi malhotra data science vit vellore skilled java cs react spring boot worked backend development using node j experience looking opportunity apply technical skill grow professionally,Web/Java Developer
168,Shreya Kumar,"B.Tech in Mechanical Engineering, Anna University",No experience,"NumPy, NLP, Data Analysis, TensorFlow, Pandas, Power BI","Shreya Kumar is a Mechanical Engineering from Anna University. Skilled in NumPy, NLP, Data Analysis, TensorFlow, Pandas, Power BI. Implemented a chatbot using natural language processing. No experience. Looking for opportunities to apply technical skills and grow professionally.",shreya kumar mechanical engineering anna university skilled numpy nlp data analysis tensorflow panda power bi implemented chatbot using natural language processing experience looking opportunity apply technical skill grow professionally,Data Science
169,Pari Bansal,"B.Tech in Computer Science, Lovely Professional University",No experience,"Data Analysis, TensorFlow, Pandas, Scikit-learn","Pari Bansal is a Computer Science from Lovely Professional University. Skilled in Data Analysis, TensorFlow, Pandas, Scikit-learn. Worked on a student performance prediction project using machine learning. No experience. Looking for opportunities to apply technical skills and grow professionally.",pari bansal computer science lovely professional university skilled data analysis tensorflow panda scikit learn worked student performance prediction project using machine learning experience looking opportunity apply technical skill grow professionally,Other
170,Manish Reddy,"B.Tech in Mechanical Engineering, Jamia Millia Islamia",1 year experience,"TensorFlow, Data Science, NLP, Deep Learning","Manish Reddy is a Mechanical Engineering from Jamia Millia Islamia. Skilled in TensorFlow, Data Science, NLP, Deep Learning. Performed exploratory data analysis on sales data. 1 year experience. Looking for opportunities to apply technical skills and grow professionally.",manish reddy mechanical engineering jamia millia islamia skilled tensorflow data science nlp deep learning performed exploratory data analysis sale data year experience looking opportunity apply technical skill grow professionally,Data Science
171,Myra Verma,"B.Tech in Mechanical Engineering, Lucknow University",No experience,"NumPy, Data Analysis, NLP, Data Visualization, SQL","Myra Verma is a Mechanical Engineering from Lucknow University. Skilled in NumPy, Data Analysis, NLP, Data Visualization, SQL. Performed exploratory data analysis on sales data. No experience. Looking for opportunities to apply technical skills and grow professionally.",myra verma mechanical engineering lucknow university skilled numpy data analysis nlp data visualization sql performed exploratory data analysis sale data experience looking opportunity apply technical skill grow professionally,Data Science
172,Ritu Bansal,"B.Tech in Computer Science, IIT Kanpur",No experience,"React, PHP, Spring Boot, CSS, HTML, JavaScript","Ritu Bansal is a Computer Science from IIT Kanpur. Skilled in React, PHP, Spring Boot, CSS, HTML, JavaScript. Developed a login and registration system using PHP. No experience. Looking for opportunities to apply technical skills and grow professionally.",ritu bansal computer science iit kanpur skilled react php spring boot cs html javascript developed login registration system using php experience looking opportunity apply technical skill grow professionally,Web/Java Developer
173,Nikhil Reddy,"B.Tech in Mechanical Engineering, Pune University",2 years experience,"Pandas, Deep Learning, Power BI, SQL","Nikhil Reddy is a Mechanical Engineering from Pune University. Skilled in Pandas, Deep Learning, Power BI, SQL. Created data visualizations and dashboards for business insights. 2 years experience. Looking for opportunities to apply technical skills and grow professionally.",nikhil reddy mechanical engineering pune university skilled panda deep learning power bi sql created data visualization dashboard business insight year experience looking opportunity apply technical skill grow professionally,Other
174,Aadhya Bansal,"BCA, Pune University",2 years experience,"Pandas, Power BI, Machine Learning, TensorFlow, Deep Learning, Data Analysis","Aadhya Bansal is a graduate from Pune University. Skilled in Pandas, Power BI, Machine Learning, TensorFlow, Deep Learning, Data Analysis. Performed exploratory data analysis on sales data. 2 years experience. Looking for opportunities to apply technical skills and grow professionally.",aadhya bansal graduate pune university skilled panda power bi machine learning tensorflow deep learning data analysis performed exploratory data analysis sale data year experience looking opportunity apply technical skill grow professionally,Data Science
175,Ishaan Nair,"B.Tech in Computer Science, Amity University",1 year experience,"Tally, Photoshop, Accounting","Ishaan Nair is a Computer Science from Amity University. Skilled in Tally, Photoshop, Accounting. Created promotional content for marketing campaigns. 1 year experience. Looking for opportunities to apply technical skills and grow professionally.",ishaan nair computer science amity university skilled tally photoshop accounting created promotional content marketing campaign year experience looking opportunity apply technical skill grow professionally,Other
176,Saanvi Tiwari,"MCA, Anna University",1 year experience,"HTML, JavaScript, Node.js, Java","Saanvi Tiwari is a graduate from Anna University. Skilled in HTML, JavaScript, Node.js, Java. Designed responsive web pages for a client project. 1 year experience. Looking for opportunities to apply technical skills and grow professionally.",saanvi tiwari graduate anna university skilled html javascript node j java designed responsive web page client project year experience looking opportunity apply technical skill grow professionally,Web/Java Developer
177,Vihaan Singh,"B.E. in Electronics, Lovely Professional University",6 months internship experience,"CSS, Java, C++, JavaScript","Vihaan Singh is a Electronics from Lovely Professional University. Skilled in CSS, Java, C++, JavaScript. Worked on backend development using Node.js. 6 months internship experience. Looking for opportunities to apply technical skills and grow professionally.",vihaan singh electronics lovely professional university skilled cs java c javascript worked backend development using node j month internship experience looking opportunity apply technical skill grow professionally,Web/Java Developer
178,Saanvi Nair,"BCA, Amity University",1 year experience,"C++, JavaScript, Java, HTML","Saanvi Nair is a graduate from Amity University. Skilled in C++, JavaScript, Java, HTML. Built a portfolio website using React. 1 year experience. Looking for opportunities to apply technical skills and grow professionally.",saanvi nair graduate amity university skilled c javascript java html built portfolio website using react year experience looking opportunity apply technical skill grow professionally,Web/Java Developer
179,Aditya Chauhan,"B.Tech in AI & Data Science, IIT Kanpur",2 years experience,"Excel, Sales, Accounting, Photoshop","Aditya Chauhan is a AI & Data Science from IIT Kanpur. Skilled in Excel, Sales, Accounting, Photoshop. Managed social media marketing campaigns for a small business. 2 years experience. Looking for opportunities to apply technical skills and grow professionally.",aditya chauhan ai data science iit kanpur skilled excel sale accounting photoshop managed social medium marketing campaign small business year experience looking opportunity apply technical skill grow professionally,Other
180,Riya Agarwal,"M.Sc in Data Science, Anna University",2 years experience,"Node.js, PHP, MySQL, HTML","Riya Agarwal is a Data Science from Anna University. Skilled in Node.js, PHP, MySQL, HTML. Built REST APIs using Java and Spring Boot. 2 years experience. Looking for opportunities to apply technical skills and grow professionally.",riya agarwal data science anna university skilled node j php mysql html built rest apis using java spring boot year experience looking opportunity apply technical skill grow professionally,Web/Java Developer
181,Ananya Agarwal,"MCA, IIT Kanpur",No experience,"Data Visualization, Pandas, TensorFlow, Scikit-learn, SQL","Ananya Agarwal is a graduate from IIT Kanpur. Skilled in Data Visualization, Pandas, TensorFlow, Scikit-learn, SQL. Analyzed large datasets to find trends using Python and Pandas. No experience. Looking for opportunities to apply technical skills and grow professionally.",ananya agarwal graduate iit kanpur skilled data visualization panda tensorflow scikit learn sql analyzed large datasets find trend using python panda experience looking opportunity apply technical skill grow professionally,Other
182,Suresh Rathore,"M.Sc in Data Science, Lovely Professional University",2 years experience,"Machine Learning, NLP, Data Visualization, Data Science, NumPy, SQL","Suresh Rathore is a Data Science from Lovely Professional University. Skilled in Machine Learning, NLP, Data Visualization, Data Science, NumPy, SQL. Worked on a student performance prediction project using machine learning. 2 years experience. Looking for opportunities to apply technical skills and grow professionally.",suresh rathore data science lovely professional university skilled machine learning nlp data visualization data science numpy sql worked student performance prediction project using machine learning year experience looking opportunity apply technical skill grow professionally,Data Science
183,Amit Pandey,"B.Tech in AI & Data Science, Amity University",1 year experience,"Sales, Excel, Accounting, Tally","Amit Pandey is a AI & Data Science from Amity University. Skilled in Sales, Excel, Accounting, Tally. Assisted in organizing college events and fests. 1 year experience. Looking for opportunities to apply technical skills and grow professionally.",amit pandey ai data science amity university skilled sale excel accounting tally assisted organizing college event fests year experience looking opportunity apply technical skill grow professionally,Other
184,Vihaan Singh,"B.Tech in AI & Data Science, Amity University",1 year experience,"Deep Learning, Statistics, Pandas, Machine Learning, Data Visualization, NumPy","Vihaan Singh is a AI & Data Science from Amity University. Skilled in Deep Learning, Statistics, Pandas, Machine Learning, Data Visualization, NumPy. Developed a recommendation system using collaborative filtering. 1 year experience. Looking for opportunities to apply technical skills and grow professionally.",vihaan singh ai data science amity university skilled deep learning statistic panda machine learning data visualization numpy developed recommendation system using collaborative filtering year experience looking opportunity apply technical skill grow professionally,Data Science
185,Krishna Bansal,"B.Sc in Computer Science, Pune University",No experience,"React, Spring Boot, PHP, Node.js, MySQL, HTML","Krishna Bansal is a Computer Science from Pune University. Skilled in React, Spring Boot, PHP, Node.js, MySQL, HTML. Designed responsive web pages for a client project. No experience. Looking for opportunities to apply technical skills and grow professionally.",krishna bansal computer science pune university skilled react spring boot php node j mysql html designed responsive web page client project experience looking opportunity apply technical skill grow professionally,Web/Java Developer
186,Sai Saxena,"B.Tech in AI & Data Science, Anna University",No experience,"C++, HTML, Java, Spring Boot","Sai Saxena is a AI & Data Science from Anna University. Skilled in C++, HTML, Java, Spring Boot. Designed responsive web pages for a client project. No experience. Looking for opportunities to apply technical skills and grow professionally.",sai saxena ai data science anna university skilled c html java spring boot designed responsive web page client project experience looking opportunity apply technical skill grow professionally,Web/Java Developer
187,Sandeep Kumar,"B.Sc in Computer Science, Lovely Professional University",Fresher,"Communication, Marketing, Photoshop, Excel","Sandeep Kumar is a Computer Science from Lovely Professional University. Skilled in Communication, Marketing, Photoshop, Excel. Created promotional content for marketing campaigns. Fresher. Looking for opportunities to apply technical skills and grow professionally.",sandeep kumar computer science lovely professional university skilled communication marketing photoshop excel created promotional content marketing campaign fresher looking opportunity apply technical skill grow professionally,Other
188,Shreya Kumar,"M.Sc in Data Science, VIT Vellore",6 months internship experience,"Node.js, PHP, MySQL, React","Shreya Kumar is a Data Science from VIT Vellore. Skilled in Node.js, PHP, MySQL, React. Developed a college website using HTML, CSS and JavaScript. 6 months internship experience. Looking for opportunities to apply technical skills and grow professionally.",shreya kumar data science vit vellore skilled node j php mysql react developed college website using html cs javascript month internship experience looking opportunity apply technical skill grow professionally,Other
189,Anika Sharma,"M.Tech in Computer Science, Jamia Millia Islamia",6 months internship experience,"NumPy, Statistics, Machine Learning, Deep Learning, Python","Anika Sharma is a Computer Science from Jamia Millia Islamia. Skilled in NumPy, Statistics, Machine Learning, Deep Learning, Python. Built a spam detection model using NLP techniques. 6 months internship experience. Looking for opportunities to apply technical skills and grow professionally.",anika sharma computer science jamia millia islamia skilled numpy statistic machine learning deep learning python built spam detection model using nlp technique month internship experience looking opportunity apply technical skill grow professionally,Data Science
190,Aditya Nair,"B.E. in Electronics, IIT Kanpur",No experience,"Spring Boot, React, C++, JavaScript, PHP, Node.js","Aditya Nair is a Electronics from IIT Kanpur. Skilled in Spring Boot, React, C++, JavaScript, PHP, Node.js. Built REST APIs using Java and Spring Boot. No experience. Looking for opportunities to apply technical skills and grow professionally.",aditya nair electronics iit kanpur skilled spring boot react c javascript php node j built rest apis using java spring boot experience looking opportunity apply technical skill grow professionally,Web/Java Developer
191,Krishna Joshi,"B.Tech in Information Technology, IIT Kanpur",Fresher,"Customer Service, Project Management, Marketing, Content Writing","Krishna Joshi is a Information Technology from IIT Kanpur. Skilled in Customer Service, Project Management, Marketing, Content Writing. Handled customer queries and improved satisfaction scores. Fresher. Looking for opportunities to apply technical skills and grow professionally.",krishna joshi information technology iit kanpur skilled customer service project management marketing content writing handled customer query improved satisfaction score fresher looking opportunity apply technical skill grow professionally,Other
192,Pari Agarwal,"M.Sc in Data Science, VIT Vellore",1 year experience,"JavaScript, PHP, React, HTML","Pari Agarwal is a Data Science from VIT Vellore. Skilled in JavaScript, PHP, React, HTML. Created database schemas and queries using MySQL. 1 year experience. Looking for opportunities to apply technical skills and grow professionally.",pari agarwal data science vit vellore skilled javascript php react html created database schema query using mysql year experience looking opportunity apply technical skill grow professionally,Web/Java Developer
193,Ayaan Verma,"B.E. in Electronics, Jamia Millia Islamia",6 months internship experience,"JavaScript, C++, HTML, Java","Ayaan Verma is a Electronics from Jamia Millia Islamia. Skilled in JavaScript, C++, HTML, Java. Developed a college website using HTML, CSS and JavaScript. 6 months internship experience. Looking for opportunities to apply technical skills and grow professionally.",ayaan verma electronics jamia millia islamia skilled javascript c html java developed college website using html cs javascript month internship experience looking opportunity apply technical skill grow professionally,Web/Java Developer
194,Sonia Verma,"M.Tech in Computer Science, Delhi University",1 year experience,"Deep Learning, SQL, Python, NLP","Sonia Verma is a Computer Science from Delhi University. Skilled in Deep Learning, SQL, Python, NLP. Created data visualizations and dashboards for business insights. 1 year experience. Looking for opportunities to apply technical skills and grow professionally.",sonia verma computer science delhi university skilled deep learning sql python nlp created data visualization dashboard business insight year experience looking opportunity apply technical skill grow professionally,Data Science
195,Kirti Patel,"B.Tech in Mechanical Engineering, Jamia Millia Islamia",6 months internship experience,"JavaScript, MySQL, CSS, React, Node.js","Kirti Patel is a Mechanical Engineering from Jamia Millia Islamia. Skilled in JavaScript, MySQL, CSS, React, Node.js. Designed responsive web pages for a client project. 6 months internship experience. Looking for opportunities to apply technical skills and grow professionally.",kirti patel mechanical engineering jamia millia islamia skilled javascript mysql cs react node j designed responsive web page client project month internship experience looking opportunity apply technical skill grow professionally,Web/Java Developer
196,Pari Reddy,"B.Tech in Computer Science, Anna University",No experience,"Project Management, Content Writing, Photoshop, Excel, Sales","Pari Reddy is a Computer Science from Anna University. Skilled in Project Management, Content Writing, Photoshop, Excel, Sales. Worked as an intern in sales and business development. No experience. Looking for opportunities to apply technical skills and grow professionally.",pari reddy computer science anna university skilled project management content writing photoshop excel sale worked intern sale business development experience looking opportunity apply technical skill grow professionally,Other
197,Rohan Rathore,"B.E. in Electronics, IIT Kanpur",2 years experience,"Data Visualization, Deep Learning, Data Science, SQL","Rohan Rathore is a Electronics from IIT Kanpur. Skilled in Data Visualization, Deep Learning, Data Science, SQL. Developed a recommendation system using collaborative filtering. 2 years experience. Looking for opportunities to apply technical skills and grow professionally.",rohan rathore electronics iit kanpur skilled data visualization deep learning data science sql developed recommendation system using collaborative filtering year experience looking opportunity apply technical skill grow professionally,Data Science
198,Ishaan Agarwal,"B.Tech in Computer Science, Anna University",1 year experience,"Deep Learning, Power BI, NLP, Data Analysis, SQL","Ishaan Agarwal is a Computer Science from Anna University. Skilled in Deep Learning, Power BI, NLP, Data Analysis, SQL. Created data visualizations and dashboards for business insights. 1 year experience. Looking for opportunities to apply technical skills and grow professionally.",ishaan agarwal computer science anna university skilled deep learning power bi nlp data analysis sql created data visualization dashboard business insight year experience looking opportunity apply technical skill grow professionally,Data Science
199,Karan Gupta,"B.Tech in AI & Data Science, Lovely Professional University",1 year experience,"Power BI, SQL, Python, Pandas, Data Analysis, Statistics","Karan Gupta is a AI & Data Science from Lovely Professional University. Skilled in Power BI, SQL, Python, Pandas, Data Analysis, Statistics. Built a spam detection model using NLP techniques. 1 year experience. Looking for opportunities to apply technical skills and grow professionally.",karan gupta ai data science lovely professional university skilled power bi sql python panda data analysis statistic built spam detection model using nlp technique year experience looking opportunity apply technical skill grow professionally,Other
200,Meena Tiwari,"M.Tech in Computer Science, Pune University",1 year experience,"Pandas, Python, SQL, Statistics, Machine Learning","Meena Tiwari is a Computer Science from Pune University. Skilled in Pandas, Python, SQL, Statistics, Machine Learning. Implemented a chatbot using natural language processing. 1 year experience. Looking for opportunities to apply technical skills and grow professionally.",meena tiwari computer science pune university skilled panda python sql statistic machine learning implemented chatbot using natural language processing year experience looking opportunity apply technical skill grow professionally,Data Science
